content,date,datetime,hotel_name,purpose,review_title,review_url,reviewer_location,reviewer_name,tips
京の都で勤めて二十有四年、「観光地はいつでも行ける」という思い込みで、決まった所しか巡りません。清盛公のご長男、平の重盛公が御造成になった名園、積翠園を眺めながらの贅沢なお昼でした。東山七条の超高級宿ですが、いつもお昼にお邪魔しています。,2018-06-08,2018-06-08 02:43:06,フォーシーズンズホテル京都,2018年5月、家族旅行,名園、積翠園があっての宿,https://www.tripadvisor.jp/ShowUserReviews-g298564-d10532611-r583037681-Four_Seasons_Hotel_Kyoto-Kyoto_Kyoto_Prefecture_Kinki.html,枚方市,釋安住,
京都駅から近い旅館で、料亭レベルを夕食を楽しめるため、京都旅行のお宿の第一選択にしています。特に紅葉と桜の時期は予約を取るのが難しいので、早めに動く必要があります。,2018-06-08,2018-06-08 02:43:06,京の宿 北海館 お花坊,2015年11月、家族旅行,夕食が絶品の宿,https://www.tripadvisor.jp/ShowUserReviews-g298564-d1092077-r338570896-Hokkaikan_Ohanabo-Kyoto_Kyoto_Prefecture_Kinki.html,"静岡市, 静岡県",neufmars_moto,
ホテルに入った瞬間とてもいい匂いがしました(笑),2018-06-08,2018-06-08 02:43:06,リーガロイヤルホテル京都,2018年5月、友達との旅行,綺麗で過ごしやすい！,https://www.tripadvisor.jp/ShowUserReviews-g298564-d307683-r582821316-RIHGA_Royal_Hotel_Kyoto-Kyoto_Kyoto_Prefecture_Kinki.html,関東地方,Fusuku M,
ロケーションが駅近ではない分不便ですけど静かです。京都駅から無料のシャトルバスで行きました。今回は二回目の宿泊で、土足厳禁のお部屋で、窓からお寺が見えて、ほっこりします。マシーンは紅茶用でコーヒーがないのがちょっと残念ですかね。無料のお水もたくさんあったし、サービスは申し分ないです。お部屋もきれいなんですけど、バスルームはもう少しモダンだと嬉しいです。地下鉄の駅まで10分くらい歩かないといけないので、出張より観光向けですかね。,2018-06-08,2018-06-08 02:43:06,京都東急ホテル,2018年6月、出張としての旅行,リラックスできます,https://www.tripadvisor.jp/ShowUserReviews-g298564-d301925-r584755619-Kyoto_Tokyu_Hotel-Kyoto_Kyoto_Prefecture_Kinki.html,"東京23区, 東京都",tokyobookworm,
心温まりました。,2018-06-08,2018-06-08 02:43:06,京の宿 北海館 お花坊,2015年11月、家族旅行,街中の静けさがいい,https://www.tripadvisor.jp/ShowUserReviews-g298564-d1092077-r372221257-Hokkaikan_Ohanabo-Kyoto_Kyoto_Prefecture_Kinki.html,"吹田市, 大阪府",sseiko,
家族４人で宿泊しました。2017年4月にオープンしたばかりで、宿全体がとてもセンスが良く、スタイリッシュ。宿泊した部屋は黒の畳敷でロフト付きの広いモダン和室でした。居間のような共有スペースも広くて素敵で居心地が良いです。トイレやシャワーや風呂は共有だけど、それがゲストハウスらしくて良いです。トースト、シリアルなど（日によっては白飯やインスタント味噌汁もありました）朝食も付いています。また京都に行く際には利用したいです。,2018-06-08,2018-06-08 02:43:06,FUJITAYA BnB,2017年7月、家族旅行,居心地がよく部屋もスタイリッシュ観光にも便利で最高,https://www.tripadvisor.jp/ShowUserReviews-g298564-d12173529-r508572476-FUJITAYA_BnB-Kyoto_Kyoto_Prefecture_Kinki.html,"東京23区, 東京都",MariMaririn,
私は頻繁にゲストハウスを利用していますが、Fujitaya B n Bさんは今までで1番綺麗でした。,2018-06-08,2018-06-08 02:43:07,FUJITAYA BnB,2017年11月、カップルでの旅行,ゲストハウスとは思えない外観,https://www.tripadvisor.jp/ShowUserReviews-g298564-d12173529-r543748376-FUJITAYA_BnB-Kyoto_Kyoto_Prefecture_Kinki.html,"東京23区, 東京都",健策 矢,
一泊だけでしたが、仕事の合間に滞在しました。,2018-06-08,2018-06-08 02:43:07,FUJITAYA BnB,2017年11月、カップルでの旅行,さすがカテゴリNo.1のクオリティ,https://www.tripadvisor.jp/ShowUserReviews-g298564-d12173529-r569456646-FUJITAYA_BnB-Kyoto_Kyoto_Prefecture_Kinki.html,"川崎市, 神奈川県",Taku Y,
初めてゲストハウスというものに泊まりました。,2018-06-08,2018-06-08 02:43:07,FUJITAYA BnB,2018年5月、友達との旅行,快適なゲストハウス🏡👭,https://www.tripadvisor.jp/ShowUserReviews-g298564-d12173529-r579781273-FUJITAYA_BnB-Kyoto_Kyoto_Prefecture_Kinki.html,"札幌市, 北海道",ym1639ym,
部屋は安めのプランだったこともあって小さく眺めも良くありませんでした(窓から見えるのは隣の建物)。,2018-06-08,2018-06-08 02:43:07,緑風荘,2018年6月、カップルでの旅行,良いところでした,https://www.tripadvisor.jp/ShowUserReviews-g298564-d1080601-r585755580-Ryokufuso-Kyoto_Kyoto_Prefecture_Kinki.html,"姫路市, 兵庫県",vgcmc77yt9mczrbva3bp, 老朽している部分は修繕された方が良いように感じました。 
年末京都観光で利用しました。南館は新しい建物なので綺麗ですし、スタッフの応対もすばらしいです。廊下や隣室の音も全く気になりません。買い物に、食事にと大変便利な立地です。アーケード街にあるの大通りからほんの少し歩きますが、まったく問題ありませんでした。朝ごはんは近くの進々堂のモーニングはお薦めです。また夜は先斗町や木屋町がすぐなのでブラブラ探索するのが楽しいです。京都を訪れたらまた是非利用したいです。1階にランドリーもあるので長期滞在にもいいと思います。1点だけ、ベットのマットレスが私には硬く、寝心地が悪かったのだけが残念でした。,2018-06-08,2018-06-08 02:43:07,ホテルグレイスリー京都三条,2017年12月、カップルでの旅行,文句なしコスパよし,https://www.tripadvisor.jp/ShowUserReviews-g298564-d9837782-r551384006-Hotel_Gracery_Kyoto_Sanjo-Kyoto_Kyoto_Prefecture_Kinki.html,"青森市, 青森県",PIPICO-8, ふたり旅なら南館が良いと思います。 
今回は町家 葵高瀬川の一棟借り。,2018-06-08,2018-06-08 02:43:07,葵 Hotel Kyoto,2018年6月、友達との旅行,素晴らしい体験,https://www.tripadvisor.jp/ShowUserReviews-g298564-d8332785-r584902646-Aoi_Hotel_Kyoto-Kyoto_Kyoto_Prefecture_Kinki.html,"港区, 東京都",hiro00932001,
プロポーズ成功という話からその場で写真を撮っていただいて現像まで。まさかの写真立てもプレゼントしてくださいました。心温まる接客で京都へ行ったなら是非とも、もう一度行きたい場所です。本当にありがとうございました！,2018-06-08,2018-06-08 02:43:07,NISHIYAMA RYOKAN,2017年11月、カップルでの旅行,素晴らしい接客！,https://www.tripadvisor.jp/ShowUserReviews-g298564-d558353-r543615960-Nishiyama_Ryokan-Kyoto_Kyoto_Prefecture_Kinki.html,"神戸市, 兵庫県",田中佑2017, エレベータが狭く遅いので、下層階の方が動きやすい印象です。 
地下鉄東西線、京都市役所前駅から徒歩数分のところにあり、和室６畳の部屋を選びましたが、静かで快適に利用できました。,2018-06-08,2018-06-08 02:43:07,NISHIYAMA RYOKAN,2017年11月、一人での旅行,静かで快適な部屋でしたが、大浴場が寒かったです。,https://www.tripadvisor.jp/ShowUserReviews-g298564-d558353-r543712366-Nishiyama_Ryokan-Kyoto_Kyoto_Prefecture_Kinki.html,"神戸市, 兵庫県",75naoyas, エレベータが狭く遅いので、下層階の方が動きやすい印象です。 
初めての旅行だったので、不安ばかりでしたが、旅館の部屋が想像以上に広く、とてもまったりと休むことができました。朝ごはんの和食もとても美味しかったです。また利用させて頂きたいと思います。,2018-06-08,2018-06-08 02:43:07,NISHIYAMA RYOKAN,2018年3月、カップルでの旅行,部屋が広い,https://www.tripadvisor.jp/ShowUserReviews-g298564-d558353-r566455013-Nishiyama_Ryokan-Kyoto_Kyoto_Prefecture_Kinki.html,"神戸市, 兵庫県",mkoyam346987, エレベータが狭く遅いので、下層階の方が動きやすい印象です。 
場所も部屋も接客も、旅館の全ては素晴らしい！！！！今度京都へ行く時、もう一度泊まりたいです。いい経験です。,2018-06-08,2018-06-08 02:43:07,NISHIYAMA RYOKAN,2017年7月、一人での旅行,最高です。,https://www.tripadvisor.jp/ShowUserReviews-g298564-d558353-r503118355-Nishiyama_Ryokan-Kyoto_Kyoto_Prefecture_Kinki.html,"大阪市, 大阪府",JIM W,
京都を旅行した時に一泊泊まりました。たくさんホテルがあるので迷いましたが選んでよかったなと思えるホテルでした。,2018-06-08,2018-06-08 02:43:07,さわや本店,2018年1月、一人での旅行,きれい,https://www.tripadvisor.jp/ShowUserReviews-g298564-d1080580-r557095865-Sawaya_Honten-Kyoto_Kyoto_Prefecture_Kinki.html,"東京, 日本",TDTDYS,
最初は、ホテルにしようか旅館にしようか迷ったのですが。旅館にして正解でした。,2018-06-08,2018-06-08 02:43:07,さわや本店,,旅館に泊まってよかった,https://www.tripadvisor.jp/ShowUserReviews-g298564-d1080580-r89969908-Sawaya_Honten-Kyoto_Kyoto_Prefecture_Kinki.html,兵庫県,たけちゃん９８,
京都駅八条口から徒歩5分ちょっと。,2018-06-08,2018-06-08 02:43:07,アルモントホテル京都 ,2018年3月、家族旅行,とても良いですが。,https://www.tripadvisor.jp/ShowUserReviews-g298564-d3343640-r581391914-Almont_Hotel_Kyoto-Kyoto_Kyoto_Prefecture_Kinki.html,"Ichikawa-shi, Chiba, Japan",pin94,
３月の土日に、夫婦で宿泊しました。,2018-06-08,2018-06-08 02:43:07,さわや本店,,京都でまったり,https://www.tripadvisor.jp/ShowUserReviews-g298564-d1080580-r100138212-Sawaya_Honten-Kyoto_Kyoto_Prefecture_Kinki.html,"名古屋市, 愛知県",おまんじゅう,
場所がとても静かでよかった。八坂や清水寺が徒歩圏内にあるのもうれしかったです。ホテルの設備は清潔でシンプル。サービスも十分行きとどいたものでとても快適に過ごすことができました。朝食ビュッフェもおいしかったですよ。眺望は特別いいということはなかったです。京都にまた来るときにはまたこちらに滞在したいです。,2018-06-08,2018-06-08 02:43:07,ホテル ザ セレスティン京都祇園,2018年4月、友達との旅行,とてもよいホテルでした,https://www.tripadvisor.jp/ShowUserReviews-g298564-d12257620-r574696427-HOTEL_THE_CELESTINE_KYOTO_GION-Kyoto_Kyoto_Prefecture_Kinki.html,徳島市,southwest19,
　宿泊日は平日だったのですが、宿泊客のほとんどが欧米系シニアの方々でした。,2018-06-08,2018-06-08 02:43:08,ホテル ザ セレスティン京都祇園,2018年4月、友達との旅行,和的要素がいっぱいのホテル,https://www.tripadvisor.jp/ShowUserReviews-g298564-d12257620-r581124289-HOTEL_THE_CELESTINE_KYOTO_GION-Kyoto_Kyoto_Prefecture_Kinki.html,"Okazaki-shi, Aichi, Japan",nakamura_kiyoshi,
良い点,2018-06-08,2018-06-08 02:43:08,ホテル ザ セレスティン京都祇園,2018年4月、友達との旅行,良いホテルですが、今後に期待,https://www.tripadvisor.jp/ShowUserReviews-g298564-d12257620-r581201050-HOTEL_THE_CELESTINE_KYOTO_GION-Kyoto_Kyoto_Prefecture_Kinki.html,"東京23区, 東京都",南の島のナンシー,
新しく魅力のあるホテルがまたオープンしました。京都の町屋をイメージした感じが嬉しいですね。館内レストランは天ぷらで有名なお店が入店していて朝食もここでいただけます。,2018-06-08,2018-06-08 02:43:08,ホテル ザ セレスティン京都祇園,2017年10月、一人での旅行,泊まる価値あり,https://www.tripadvisor.jp/ShowUserReviews-g298564-d12257620-r531679480-HOTEL_THE_CELESTINE_KYOTO_GION-Kyoto_Kyoto_Prefecture_Kinki.html,三重県,HideKado, 建仁寺が見える部屋あり！ 
京都の繁華街の中心にあり、立地の割には安く、便利。雨の日の宿泊だったが、河原町にはアーケードがたくさんあるので、アーケードを通ってほとんど濡れずにホテルに到着することができた。シングルルームに泊まったが、部屋は広くはないが、清潔で快適。あえて言うなら窓がなく残念（全く無いわけじゃないが、壁の上方に付いており、しかも障子がセットされているのでほぼ無いに等しい）,2018-06-08,2018-06-08 02:43:10,ホテルビスタプレミオ京都,2017年2月、家族旅行,立地と朝食が良い,https://www.tripadvisor.jp/ShowUserReviews-g298564-d2163994-r580947532-Hotel_Vista_Premio_Kyoto-Kyoto_Kyoto_Prefecture_Kinki.html,"東京23区, 東京都",qianxiang, 京都市内のど真ん中ですから景色は期待しないでください。 
今回は母と４歳の子供と一緒に泊まりました。,2018-06-08,2018-06-08 02:43:10,京都花ホテル,2017年3月、一人での旅行,清潔で対応の良いホテル,https://www.tripadvisor.jp/ShowUserReviews-g298564-d3861136-r500692173-Kyoto_Hana_Hotel-Kyoto_Kyoto_Prefecture_Kinki.html,"北広島市, 北海道",bgqck272, 防音がしっかりしている部屋が良い 
このホテルを利用させてもらって数回になるが、その度にスタッフの方々の成長に驚かされる。,2018-06-08,2018-06-08 02:43:10,京都花ホテル,2017年7月,成長を感じるホテルになってきた。,https://www.tripadvisor.jp/ShowUserReviews-g298564-d3861136-r503395773-Kyoto_Hana_Hotel-Kyoto_Kyoto_Prefecture_Kinki.html,"東京23区, 東京都",mahi4004,
京都出張の際に何度か宿泊しました。三条駅から歩いてすぐの場所にあります。前回は広めの部屋に宿泊し、非常に快適でした。朝食もおいしいので、おすすめのホテルです。,2018-06-08,2018-06-08 02:43:10,京都花ホテル,2017年7月,こじんまりとしたいいホテルです,https://www.tripadvisor.jp/ShowUserReviews-g298564-d3861136-r529279496-Kyoto_Hana_Hotel-Kyoto_Kyoto_Prefecture_Kinki.html,"Yokohama-shi, Kanagawa, Japan",papi0729,
入り口が分からず、うろうろしているうちに一周回っていました笑,2018-06-08,2018-06-08 02:43:10,京都ブライトンホテル,2018年6月、カップルでの旅行,部屋に抹茶が完備！,https://www.tripadvisor.jp/ShowUserReviews-g298564-d307638-r584704997-Kyoto_Brighton_Hotel-Kyoto_Kyoto_Prefecture_Kinki.html,"東京23区, 東京都",choco-peach, 無料でグレードアップして頂きました。 
朝早く電車に乗るため、駅近のこちらのホテルを利用した。部屋の広さ等は理解した上で予約したので不満はない。,2018-06-08,2018-06-08 02:43:10,京都花ホテル,2017年10月,立地は良い,https://www.tripadvisor.jp/ShowUserReviews-g298564-d3861136-r533153712-Kyoto_Hana_Hotel-Kyoto_Kyoto_Prefecture_Kinki.html,埼玉県,さくらさんぽ,
お昼に柚子雑炊を予約して訪問しました。入口をくぐった瞬間から別世界が始まります。日曜日の午後１時半からの予約だったからか、店内も混んでおらず、ゆっくり過ごすことが出来ました。先付け１５品の後に、柚子の味がしっかり効いたお出汁に湯豆腐、その後、鯛とみずなのお鍋、柚子雑炊と美味しかった。,2018-06-08,2018-06-08 02:43:10,柚子屋 旅館,2016年9月、友達との旅行,祇園の別世界,https://www.tripadvisor.jp/ShowUserReviews-g298564-d1036780-r424016824-Yuzuya_Ryokan-Kyoto_Kyoto_Prefecture_Kinki.html,Düsseldorf,westhill1501,
御所の西側のこのホテルに初めて泊まりました。ダブルの部屋でしたが36平米あり広く居心地はよかった。また駐車場も無料。場所的に有名観光地からは外れているのでちょっと不便ですが、烏丸御池との間にシャトルバスがあるようです。我々は環境が静で御所や相国寺にも近く、ちょっと散歩して、観光するには丁度いいところでした。価格も中心部のホテルに比べてお得感あり。,2018-06-08,2018-06-08 02:43:10,京都ブライトンホテル,2018年4月、家族旅行,部屋が広い。駐車場が無料。,https://www.tripadvisor.jp/ShowUserReviews-g298564-d307638-r578435316-Kyoto_Brighton_Hotel-Kyoto_Kyoto_Prefecture_Kinki.html,"神戸市, 兵庫県",Yocchin1953,
柚子というテーマを見つけ、つぶれた古い旅館をそのまま使っているだけのところでした。料理が売りの割には、外部から運び込んでいますし、食堂は大変寒く落ち着きません。,2018-06-08,2018-06-08 02:43:11,柚子屋 旅館,2017年9月、カップルでの旅行,いい旅館ではありません,https://www.tripadvisor.jp/ShowUserReviews-g298564-d1036780-r552637700-Yuzuya_Ryokan-Kyoto_Kyoto_Prefecture_Kinki.html,"港区, 東京都",anemonefish08,
１１月の３日から２泊お世話になりました。JTBのツアーを利用して、間近に抑えたプラン。連休ということもあり空いてたお宿がこちらだったのですが、値段もお手頃で、正直あまり期待はしていませんでした。,2018-06-08,2018-06-08 02:43:11,綿善旅館,2017年11月、家族旅行,豪華なお食事にびっくり コスパ最高,https://www.tripadvisor.jp/ShowUserReviews-g298564-d325765-r539083980-Watazen-Kyoto_Kyoto_Prefecture_Kinki.html,"Kagoshima, Japan",83mh2015, 10畳の部屋は二人がちょうどいい感じかも。どの階にも配膳室があるので、料理はしっかり温かいものが出てきます。 
"商業と住居が混在する街の中にある鉄筋コンクリート造の旅館です。建物は古めですが、リニューアルが上品に、そこそこ豪華に、そしてきれいにされていて、時期が良かったのか泊まった部屋の畳は緑でいい薫りでした。
風呂無しの部屋で泊まったのですが、シャワールームは新しい設備で、顔の大きさくらいあるシャワーヘッドが付いてたり。大浴場は地下にあり、すごく広くはないですけれどきれいで清潔。熱すぎずゆっくり入れました。
サービスもよく、のれんをくぐればすぐに挨拶してくれましたよ。部屋食で、仲居さんが運んできてくれる夕食は手の込んだ会席膳で、一つ一つがおいしく、とても楽しめました。ボリュームもあり、大満足です。
提携駐車場は阪急詩情烏丸駅近くの立体駐車場『パラカ烏丸錦』。車の入り口が路地を少し入ったところで、カーナビだけでは一発では入れませんでしたが、ここの宿泊者が買える24時間券を活用して宿泊当日の朝から入れてしまい、電車や徒歩、一部タクシーで市内を回ってから宿に入りました。駐車券はチェックアウト時に買い、駐車場で精算時に機械に入れる感じです。
駐車場から宿までは、錦市場を抜けて行きました。楽しそうなところで、日曜の夕方は人が多かったです。荷物を持って入り込んでしまったのは失敗でした。
翌朝は徒歩8分くらいかな、六角堂に。生け花の発祥の地、池坊の地でもあるためか、狭い敷地ながらとても見所のある庭。そして古く不思議な六角造の建物。オリジナルのお守りとかもあり、ビルに囲まれた不思議な空間がなんとも魅力的でした。
宿のまわりの建物も、新旧入り乱れ。路地がマス目に細かくあって、建物好きにはたまらない空間が続きます。生活しているど真ん...",2018-06-08,2018-06-08 02:43:11,綿善旅館,2015年8月、友達との旅行,設備やロケーションが優位でない分、頑張ってるよ,https://www.tripadvisor.jp/ShowUserReviews-g298564-d325765-r365977213-Watazen-Kyoto_Kyoto_Prefecture_Kinki.html,東京,miduho, 10畳の部屋は二人がちょうどいい感じかも。どの階にも配膳室があるので、料理はしっかり温かいものが出てきます。 
京阪三条駅が最寄りの閑静な祇園骨董街にある小さなホテルです。センスの良いミッドセンチュリーの家具や和のアートがミニマルに配されていてたいへん居心地が良いです。新しいこともあり全てが清潔で気持ちよく過ごせました。国際色豊かなスタッフはバイリンガル、或いはマルチリンガルで海外からの観光客に照準を合わせているのでしょう。観光客擂れしていないスタッフの接客は新鮮で好感が持てました。朝食については賛否が分かれるところだと思います。長テーブルに他のゲストと共に向かい合わせでいただきます。居合わせたメンバーによっては、初対面でも和気藹々にもなるし、はたまたお互いの視線を避けて下を向いてまるでお葬式のようにも。個人的には苦手です。新鮮な土地の野菜（生）と少量のおばんざいがメインの食事内容はベジタリアン向きで、観光に備えて朝はしっかり食べたい人、体を温めたい人には少々淋しい内容かと思いました。,2018-06-08,2018-06-08 02:43:11,ホテルエスノグラフィー祇園新門前,2018年1月、家族旅行,祇園骨董街にある小さなホテル,https://www.tripadvisor.jp/ShowUserReviews-g298564-d12721006-r566193414-Hotel_Ethnography_Gion_Shinmonzen-Kyoto_Kyoto_Prefecture_Kinki.html,Tokyo,rosanova, 101は庭付きでお風呂も広かったです 
台風が来ていた週末で残念でしたが、スタッフのみなさん、丁寧に対応してくださりありがとうございました。また利用したいと思います,2018-06-08,2018-06-08 02:43:11,ホテルエスノグラフィー祇園新門前,2017年10月、家族旅行,こじんまりと綺麗なホテル,https://www.tripadvisor.jp/ShowUserReviews-g298564-d12721006-r538151359-Hotel_Ethnography_Gion_Shinmonzen-Kyoto_Kyoto_Prefecture_Kinki.html,"アテネ, ギリシャ",taka580, 一階の庭付きのお部屋が最高です！ 
祇園周辺で宿泊するには一番のオススメです。中心地にありながら風情があり、静かに過ごせます。ホテル内にレストランはありませんが徒歩圏内で色んな所に行けるので特に不便は感じません。インテリアにこだわっているようでセンスの良さを感じました。,2018-06-08,2018-06-08 02:43:11,ホテルエスノグラフィー祇園新門前,,京都らしいホテル,https://www.tripadvisor.jp/ShowUserReviews-g298564-d12721006-r528187311-Hotel_Ethnography_Gion_Shinmonzen-Kyoto_Kyoto_Prefecture_Kinki.html,,blomet18, 一階の庭付きのお部屋が最高です！ 
小さな古民家風の旅館で、とっても情緒溢れる宿です。はなれの広い部屋に３人で泊まりましたが、一人２００００円弱（１泊２食）という宿泊料金。高かったですが、夕食の京料理がおいしく、家族風呂も良かったです。祇園に近く、ライトアップされた高台寺がとてもきれいでした。,2018-06-08,2018-06-08 02:43:11,元奈古,2015年11月、家族旅行,ミシュラン関西に掲載,https://www.tripadvisor.jp/ShowUserReviews-g298564-d325117-r325151737-Motonago-Kyoto_Kyoto_Prefecture_Kinki.html,東京都,hottaraketsu,
月中旬に一泊しました。4人部屋のドミトリーには私以外全員外国人でしたが、マナーがよくて安心泊まれました。部屋やトイレ等とても清潔で静か、内装もされており京都町家の雰囲気を楽しめます。500円で終日自転車を借りられますので、夜遅くには四條通りな居酒屋で食事後、お風呂屋さんまで京都の夜を満喫しました。バスタオルを無料で貸してくれたり、朝の出発の際にもお見送りいただいて、若い女将さん何気ない気配りが心に染みました。忘れられない宿になりました。,2018-06-08,2018-06-08 02:43:11,ゲストハウス　沖のまちやど,2017年9月、一人での旅行,忘れられない宿になりました。,https://www.tripadvisor.jp/ShowUserReviews-g298564-d3569019-r533050163-Guesthouse_OKI_s_Inn-Kyoto_Kyoto_Prefecture_Kinki.html,"さいたま市, 埼玉県",オレンジブルー,
歌舞伎を観た後のチェックインだったのでお風呂に入って寝るだけでしたが、寝具はとても清潔で、暖かく寝ることができました。また別室での朝食時間中に布団が見事に片付けられていて、流石だなーと感心しました。湯豆腐の朝食が美味しかったです。,2018-06-08,2018-06-08 02:43:11,元奈古,2016年1月、友達との旅行,寝るだけでも老舗のサービスが素晴らしい,https://www.tripadvisor.jp/ShowUserReviews-g298564-d325117-r341574575-Motonago-Kyoto_Kyoto_Prefecture_Kinki.html,"岐阜市, 岐阜県",cocotabi,
学生時代の友達と５人で宿泊。食事は無しで他で美味しいお店でいただくのがオススメです。,2018-06-08,2018-06-08 02:43:11,元奈古,2015年11月、家族旅行,リーズナブルでロケーションバツグン。,https://www.tripadvisor.jp/ShowUserReviews-g298564-d325117-r329161307-Motonago-Kyoto_Kyoto_Prefecture_Kinki.html,東京都,舞衣子 真,
エクスペディアの表示が分かりづらく食事無しのプランを予約してしまいましたが、電話を掛けて相談したら二人部屋料金の一人利用だからと追加料金を取らず食事付きに変更してくれました。,2018-06-08,2018-06-08 02:43:11,元奈古,2017年8月、一人での旅行,気遣いが気持ち良い,https://www.tripadvisor.jp/ShowUserReviews-g298564-d325117-r515167001-Motonago-Kyoto_Kyoto_Prefecture_Kinki.html,"岐阜市, 岐阜県",Jun S,
東山駅すぐの古川商店街の中にある町屋を宿にしたゲストハウスです。古い町屋がベースなので歩くとキシキシした音や隣の部屋の話声も聞こえますが、それも町屋の一部として楽しめばとてもいい宿です。古いですが部屋は掃除がいき届いていますし、トイレもきれい（女性専用トイレも別にあるようでした）、一階にある共有のリビングも広く町屋のいい味を出してました。ベランダ付きの2階の部屋に泊まりましたが、ベランダからの風景は他の家のベランダしか見えないので部屋を選ぶ際にそこは重要視しなくていいと思います。なによりもいいのは、お店の方が親切であたたかく、にこやかな笑顔でいつも対応してくれることです。評価がたかいのもうなずけました。,2018-06-08,2018-06-08 02:43:11,ゲストハウス　沖のまちやど,,親切で優しいゲストハウス,https://www.tripadvisor.jp/ShowUserReviews-g298564-d3569019-r228957195-Guesthouse_OKI_s_Inn-Kyoto_Kyoto_Prefecture_Kinki.html,"東京23区, 東京都",一人旅雄,
町屋を利用した宿で宿泊者が使える台所や座敷も雰囲気があります。,2018-06-08,2018-06-08 02:43:11,ゲストハウス　沖のまちやど,2015年3月、一人での旅行,町屋に泊る,https://www.tripadvisor.jp/ShowUserReviews-g298564-d3569019-r334520181-Guesthouse_OKI_s_Inn-Kyoto_Kyoto_Prefecture_Kinki.html,"東京23区, 東京都",phflow,
今までに個室やドミトリー、どちらも何度か使わせてもらっています。,2018-06-08,2018-06-08 02:43:11,ゲストハウス　沖のまちやど,2015年3月、一人での旅行,立地よし。居心地よし。町屋なので宿に帰っても京都気分満喫です。,https://www.tripadvisor.jp/ShowUserReviews-g298564-d3569019-r371147416-Guesthouse_OKI_s_Inn-Kyoto_Kyoto_Prefecture_Kinki.html,福岡,ことりん,
旅程と空き部屋の折り合いが悪く未だ利用できておりませんが、オーナーさんの応対は親切で丁寧、いろいろな旅行情報サイトから確認してみても「京まちや」へのこだわりとお客へのもてなしの心が滲み出ていると思っています。,2018-06-08,2018-06-08 02:43:12,ゲストハウス　沖のまちやど,2015年11月,オーナーさんの応対は親切で丁寧、絶対利用したい！いや、今年こそ利用します。,https://www.tripadvisor.jp/ShowUserReviews-g298564-d3569019-r407272355-Guesthouse_OKI_s_Inn-Kyoto_Kyoto_Prefecture_Kinki.html,"さいたま市, 埼玉県",さーぶちゃん,
友人と出かけましたが。目の前に川が流れていて、気持ちのいい温泉もあり、食事も美味しかったです。温泉は露天風呂あり大きくはないですが清潔感があって気持ちがよかったです,2018-06-08,2018-06-08 02:43:12,嵐山 辨慶,2017年7月、友達との旅行,食事も美味しい,https://www.tripadvisor.jp/ShowUserReviews-g298564-d650425-r499028506-Arashiyama_Benkei-Kyoto_Kyoto_Prefecture_Kinki.html,東京,mesemese, ２階の嵐山に面したお部屋がおすすめ。１階なら”常盤”がお庭の正面で一番良いかと。 
以前から気になっていた老舗旅館。敷居が高そうな雰囲気でしたが、1泊2食付きで2万/1名で体験できるなら。。。！と法事にかこつけて予約。畳間二部屋の離れのような素敵な部屋に、小さな坪庭の向こうの座敷で家族だけで食事をいただく。。。まるで隠れ家のような贅沢さ。計10部屋あるという旅館内で他のお客さんに遭遇することはまるでなく、不思議で素晴らしい静けさを堪能しました。,2018-06-08,2018-06-08 02:43:12,元奈古,2017年8月、一人での旅行,ロケーションも最高！心遣いも最高！,https://www.tripadvisor.jp/ShowUserReviews-g298564-d325117-r544997721-Motonago-Kyoto_Kyoto_Prefecture_Kinki.html,沖縄県,のん89, 「もず」というお部屋でした。二部屋の広々のお部屋で素敵でした。 
食事面でのおもてなしに感動。,2018-06-08,2018-06-08 02:43:12,嵐山 辨慶,2017年12月、友達との旅行,おもてなしが素晴らしい,https://www.tripadvisor.jp/ShowUserReviews-g298564-d650425-r548535594-Arashiyama_Benkei-Kyoto_Kyoto_Prefecture_Kinki.html,東京,森高飛, ２階の嵐山に面したお部屋がおすすめ。１階なら”常盤”がお庭の正面で一番良いかと。 
京都ではよく行きます！接客対応もよくて、ごはんもおいしく、綺麗です。,2018-06-08,2018-06-08 02:43:12,嵐山 辨慶,2018年4月、友達との旅行,良かったです。,https://www.tripadvisor.jp/ShowUserReviews-g298564-d650425-r574261197-Arashiyama_Benkei-Kyoto_Kyoto_Prefecture_Kinki.html,東京,由人 愛, ２階の嵐山に面したお部屋がおすすめ。１階なら”常盤”がお庭の正面で一番良いかと。 
おもてなしゼロでした。,2018-06-08,2018-06-08 02:43:12,嵐山 辨慶,2017年8月、家族旅行,別邸に泊まりました,https://www.tripadvisor.jp/ShowUserReviews-g298564-d650425-r577713166-Arashiyama_Benkei-Kyoto_Kyoto_Prefecture_Kinki.html,"宇都宮市, 栃木県",godfather6391, ２階の嵐山に面したお部屋がおすすめ。１階なら”常盤”がお庭の正面で一番良いかと。 
"夕暮れ時や早朝に、お部屋から桂川と嵐山をぼんやり眺める至福のひととき。
京都にはお料理の美味しいお宿はたくさんありますが、この景色は他にはなかなかないものです。２階の”松”のお部屋からは渡月橋も見えました。
足の悪い両親は１階の”常盤”でしたが、これもお庭がこじんまりしていますが苔が綺麗で趣がありました。ただ、お庭の中になぜか灯篭型の電灯が・・・それがなければ完璧なのに。

２部屋でしたのでお食事は１階の別部屋で。そこも嵐山に面した景色のいいお部屋でした。お料理はグレードアップしたほうでお願いしました。どのお料理も正統派の美味しさでいてちょっと工夫も凝らしてあって、見た目も美しく量も食べきれないほどでした。両親は沢山頂けないので、質をあげて量を抑えて頂くようお願いし、さらにグレードアップしたお料理を堪能させて頂くことができました。

朝ごはんの湯豆腐がまた絶品でした！嵯峨森嘉のお豆腐だそうです。こんなに美味しいお豆腐があるなんて！

京都には珍しく温泉があるのもポイントが高いです。”松”の間はお部屋の半露天風呂が温泉でした。大浴場ももちろん温泉。男性の露天風呂より女性用のほうが景色がいいらしいです。客室数が少ないので、露天風呂独り占めです♪美肌の湯だそうで、お肌がぬるぬる、後につるつるします。

外国のお客様を意識してか、アメニティーが充実しています。シャワーキャップとヘアバンドのほかに可愛い和柄のシュシュもありました。ちょっとした小物入れ用の巾着の柄もとても素敵でした。

京都駅から車でも電車でも３０分かからずに到着しますので、京都の名所旧跡と自然と温泉を一度に味わえる、なかなか良い選択肢な...",2018-06-08,2018-06-08 02:43:12,嵐山 辨慶,2017年1月、家族旅行,嵐山と京懐石を満喫,https://www.tripadvisor.jp/ShowUserReviews-g298564-d650425-r497896356-Arashiyama_Benkei-Kyoto_Kyoto_Prefecture_Kinki.html,東京,Sherry221721, ２階の嵐山に面したお部屋がおすすめ。１階なら”常盤”がお庭の正面で一番良いかと。 
バス・地下鉄のアクセスが便利な場所なのに、ホテルの裏は舞妓さんとすれ違う景観地区。静かで寛げました。まだオープンしたてでどこもピカピカ、壁に金箔を使うなど京都らしさを感じられる贅沢な雰囲気でした。部屋では気持ちいい京都晒のパジャマ・ノンシリコンシャンプーやボディーソープもこだわりのものでした。トイレのドアの開閉は指3本を差し込む穴だけで面白かった。フロント横のスペースで頂くブッフェ形式の朝食は７・８・９時～の時間予約制。鮮やかな京野菜サラダが美味しかった。海外からの宿泊者が多かったです。また利用したい宿となりました。,2018-06-08,2018-06-08 02:43:12,ホテルエスノグラフィー祇園新門前,2017年10月、家族旅行,祇園の隠れ家,https://www.tripadvisor.jp/ShowUserReviews-g298564-d12721006-r544974638-Hotel_Ethnography_Gion_Shinmonzen-Kyoto_Kyoto_Prefecture_Kinki.html,,amajoamajo, 101は庭付きでお風呂も広かったです 
黒毛和牛すき焼きプランを頼みました。,2018-06-08,2018-06-08 02:43:12,綿善旅館,2016年9月、友達との旅行,夜ごはんが豪華,https://www.tripadvisor.jp/ShowUserReviews-g298564-d325765-r422973467-Watazen-Kyoto_Kyoto_Prefecture_Kinki.html,神奈川,はむたん17, 10畳の部屋は二人がちょうどいい感じかも。どの階にも配膳室があるので、料理はしっかり温かいものが出てきます。 
メインの通りから少し入ったところにあるので、とても静かでした。ホテル全体や部屋が和の雰囲気になっていて、大変お洒落です。リニューアルしたので、全てが新しく、居心地が良かったです。,2018-06-08,2018-06-08 02:43:12,ホテルエスノグラフィー祇園新門前,2018年1月、家族旅行,小さいながら、凄くいい！,https://www.tripadvisor.jp/ShowUserReviews-g298564-d12721006-r550849587-Hotel_Ethnography_Gion_Shinmonzen-Kyoto_Kyoto_Prefecture_Kinki.html,"福島市, 福島県",chigeojp, 101は庭付きでお風呂も広かったです 
先日修学旅行でお尋ねさせて頂きましてありがとうございます。朝食と夕食が豪華でとても美味しかったです。スタッフさんもとても優しいのでとても落ち着けました。落ち着けるというところが何よりもいいです。また京都に来た時は是非訪問させていただきたいです。この度はありがとうございました。,2018-06-08,2018-06-08 02:43:12,綿善旅館,2017年7月,家に帰りたく無くなるぐらい良かった。,https://www.tripadvisor.jp/ShowUserReviews-g298564-d325765-r499071854-Watazen-Kyoto_Kyoto_Prefecture_Kinki.html,神奈川,UuuTchi, 10畳の部屋は二人がちょうどいい感じかも。どの階にも配膳室があるので、料理はしっかり温かいものが出てきます。 
南北では 四条通りと三条通りの中程を東西に通る 蛸薬師通り、東西では 烏丸通りと河原町通りの中程を南北に通る 柳馬場通り。,2018-06-08,2018-06-08 02:43:12,綿善旅館,2017年9月、家族旅行,観光にアクセス良し,https://www.tripadvisor.jp/ShowUserReviews-g298564-d325765-r525324120-Watazen-Kyoto_Kyoto_Prefecture_Kinki.html,東京都,あすひろ, 10畳の部屋は二人がちょうどいい感じかも。どの階にも配膳室があるので、料理はしっかり温かいものが出てきます。 
京都駅から徒歩で約10分、荷物が少なく天気が良ければ、散歩感覚でちょうど良い場所,2018-06-08,2018-06-08 02:43:12,ホテルカンラ京都,2017年10月、カップルでの旅行,落ち着いた雰囲気のホテル,https://www.tripadvisor.jp/ShowUserReviews-g298564-d1872361-r544321311-Hotel_Kanra_Kyoto-Kyoto_Kyoto_Prefecture_Kinki.html,"横浜市, 神奈川県",9822mt,
2回目の宿泊です。京都駅から近く、五条駅にも近い。朝食も京都ぽいです。従業員のホスピタリティも高く、いいのですが、値段の割に少し気になる点があり4つ星にしました。,2018-06-08,2018-06-08 02:43:13,ホテルカンラ京都,2017年12月、一人での旅行,ほぼ満点ですが,https://www.tripadvisor.jp/ShowUserReviews-g298564-d1872361-r573169697-Hotel_Kanra_Kyoto-Kyoto_Kyoto_Prefecture_Kinki.html,tokyo,heroherotokyo,
京都らしいインテリアデザインの綺麗なホテルでした。,2018-06-08,2018-06-08 02:43:13,ホテルカンラ京都,2017年12月、一人での旅行,京都プチ旅行,https://www.tripadvisor.jp/ShowUserReviews-g298564-d1872361-r550334926-Hotel_Kanra_Kyoto-Kyoto_Kyoto_Prefecture_Kinki.html,"仙台市, 宮城県",mikimikialfista,
4人で泊まりましたが、広々しててゆったり過ごせました。ひのきのお風呂も素敵で、アメニティも充実。1階のカフェも素敵でした！,2018-06-08,2018-06-08 02:43:13,ホテルカンラ京都,2017年8月、友達との旅行,和モダンの素敵なホテル,https://www.tripadvisor.jp/ShowUserReviews-g298564-d1872361-r515378819-Hotel_Kanra_Kyoto-Kyoto_Kyoto_Prefecture_Kinki.html,"大阪市, 大阪府",mikio779,
今回で2度目の滞在となり3年前と同様に、今回の滞在も同様に4泊5日でお世話になりました。このホテルの良いところは、長めの滞在する為の必要なものが全て揃っており自分のアパートのように利用出来ることでしょう。近くにはコンビニもあり便利です。,2018-06-08,2018-06-08 02:43:13,シタディーン京都 烏丸五条,2017年3月、カップルでの旅行,連泊するときに利用する便利でリーズナブルなアパートホテル。,https://www.tripadvisor.jp/ShowUserReviews-g298564-d1750043-r473398137-Citadines_Karasuma_Gojo_Kyoto-Kyoto_Kyoto_Prefecture_Kinki.html,"パリ, フランス",mobihiro, 簡単な料理が作れる、京都を満喫できる 
効率よく家具をあつらえたワンルームマンションタイプのお部屋。食器や調理器具、とても質のよいPOLAのアメニティが整えられ、暮らすように泊まるには、お値段も安く、地下鉄も至近と文句のつけようがない。ただし、朝食はひどいです。いくら安いとはいえ・・。品数の少なさ、味の悪さ、これはいけません。もう300円高くても、改善してほしい。,2018-06-08,2018-06-08 02:43:13,シタディーン京都 烏丸五条,2016年11月,清潔でコストパフォーマンス高い。だが朝食は改善してほしい,https://www.tripadvisor.jp/ShowUserReviews-g298564-d1750043-r481112038-Citadines_Karasuma_Gojo_Kyoto-Kyoto_Kyoto_Prefecture_Kinki.html,"東京23区, 東京都",桜台マダム, 簡単な料理が作れる、京都を満喫できる 
アパートホテルの名の通り、小さなキッチンが部屋に備わっていて、まな板、鍋、フライパン、包丁、カトラリー等、揃っています。室内は、白で統一され、清潔ですが、スッキリし過ぎて、ちょっと寂しく感じました。,2018-06-08,2018-06-08 02:43:13,シタディーン京都 烏丸五条,2017年3月、カップルでの旅行,古都のモダン,https://www.tripadvisor.jp/ShowUserReviews-g298564-d1750043-r466192026-Citadines_Karasuma_Gojo_Kyoto-Kyoto_Kyoto_Prefecture_Kinki.html,"宮崎市, 宮崎県",naoad, 簡単な料理が作れる、京都を満喫できる 
便利なアパートメント形式のホテルだが、部屋によっては眺めが期待できない。５条の駅から歩いてすぐで、近くに美味しいうどん屋もある。どこへ行くにも便利。フロント付近で出会う泊まっている人は外国人が多いようだった。,2018-06-08,2018-06-08 02:43:13,シタディーン京都 烏丸五条,2016年11月,便利な場所で蓮博に良い。,https://www.tripadvisor.jp/ShowUserReviews-g298564-d1750043-r544233543-Citadines_Karasuma_Gojo_Kyoto-Kyoto_Kyoto_Prefecture_Kinki.html,"箕面市, 大阪府",ガメラ, 簡単な料理が作れる、京都を満喫できる 
年末に1泊泊まりましたが、ホテルのスタッフもとても親切でまた泊まりたいホテルとなりました。,2018-06-08,2018-06-08 02:43:13,ホテルカンラ京都,2017年12月、一人での旅行,朝ご飯もとっても美味しいし、観光案内もグッド,https://www.tripadvisor.jp/ShowUserReviews-g298564-d1872361-r581366508-Hotel_Kanra_Kyoto-Kyoto_Kyoto_Prefecture_Kinki.html,東京,山と川のまち,
烏丸から歩いて五分以内という好立地。部屋も大きくてきれいでした。驚いたのはチェックインの際にコーヒーをくれたのと、部屋に携帯の充電器があったこと。素晴らしい！,2018-06-08,2018-06-08 02:43:13,シタディーン京都 烏丸五条,2018年1月、出張としての旅行,快適ー,https://www.tripadvisor.jp/ShowUserReviews-g298564-d1750043-r557554460-Citadines_Karasuma_Gojo_Kyoto-Kyoto_Kyoto_Prefecture_Kinki.html,"西宮市, 兵庫県",minotaku, 簡単な料理が作れる、京都を満喫できる 
紅葉の時期を狙って予約をしたのですが、今年は少し早かったようで全体的に茶色っぽく残念でした。,2018-06-08,2018-06-08 02:43:13,翠嵐 ラグジュアリーコレクションホテル 京都,2017年11月、家族旅行,庭園が美しく穏やかに過ごせました,https://www.tripadvisor.jp/ShowUserReviews-g298564-d7767288-r553502158-Suiran_Luxury_Collection_Hotel_Kyoto-Kyoto_Kyoto_Prefecture_Kinki.html,"伊勢市, 三重県",Desert_b, コーナースイートは景観最高、間取りは広く露天風呂付き 
予算上、宿泊には勇気がいりますが、ランチ利用することでホテルの利用顧客感を楽しめます。立地が素晴らしいので、嵐山を見物する場所としてもキーポイントになると思います。,2018-06-08,2018-06-08 02:43:13,翠嵐 ラグジュアリーコレクションホテル 京都,2017年11月、家族旅行,ランチ利用でラグジュアリーさを満喫,https://www.tripadvisor.jp/ShowUserReviews-g298564-d7767288-r554006568-Suiran_Luxury_Collection_Hotel_Kyoto-Kyoto_Kyoto_Prefecture_Kinki.html,大阪,emzo_oz, コーナースイートは景観最高、間取りは広く露天風呂付き 
何度か宿泊させていただきました。よいホテルです。お部屋はモダンな感じでとてもきれいに整えられています。一般的なタイプ（広さは十分です）のお部屋を選び、貸し切り露天風呂を利用させていただきました。檜と岩とふたつのタイプをご用意されています。,2018-06-08,2018-06-08 02:43:13,翠嵐 ラグジュアリーコレクションホテル 京都,2017年11月、家族旅行,よいホテルですが,https://www.tripadvisor.jp/ShowUserReviews-g298564-d7767288-r556658506-Suiran_Luxury_Collection_Hotel_Kyoto-Kyoto_Kyoto_Prefecture_Kinki.html,"京都市, 京都府",nekotravel, コーナースイートは景観最高、間取りは広く露天風呂付き 
今回は宿泊ではなく、お料理をいただきました。柚子尽くしの香いっぱいの鯛しゃぶや雑炊は絶品でした。前菜のおばんざいも種類が豊富で一品一品にやさしいおだしの味が出ていてどれもおいしくいただきました。,2018-06-08,2018-06-08 02:43:13,柚子屋 旅館,2016年9月、友達との旅行,柚子いっぱい,https://www.tripadvisor.jp/ShowUserReviews-g298564-d1036780-r451849732-Yuzuya_Ryokan-Kyoto_Kyoto_Prefecture_Kinki.html,Düsseldorf,かんこ2017,
１泊２日で利用しました。,2018-06-08,2018-06-08 02:43:14,翠嵐 ラグジュアリーコレクションホテル 京都,2018年2月、カップルでの旅行,最高の記念になりました,https://www.tripadvisor.jp/ShowUserReviews-g298564-d7767288-r569474118-Suiran_Luxury_Collection_Hotel_Kyoto-Kyoto_Kyoto_Prefecture_Kinki.html,"京都市, 京都府",ponchan12321, コーナースイートは景観最高、間取りは広く露天風呂付き 
昼食を娘と孫と家内と4人で頂きました。予約時に孫が1歳と伝えておいたら、座敷の部屋に通されてテーブルの傍に子供用の布団が準備してあり、心遣いに嬉しくなりました。料理はいずれも美味しく、特に柚子雑炊には感激しました。,2018-06-08,2018-06-08 02:43:14,柚子屋 旅館,2016年9月、友達との旅行,柚子を満喫,https://www.tripadvisor.jp/ShowUserReviews-g298564-d1036780-r466427092-Yuzuya_Ryokan-Kyoto_Kyoto_Prefecture_Kinki.html,"須賀川市, 福島県",acgen,
今まで泊まった中でもお高めの旅館でしたが、料理も接客も想像以上に良く、大変満足♪京都駅から、タクシーで10分と立地も良く料理は京都牛が印象的でした♪,2018-06-08,2018-06-08 02:43:14,柚子屋 旅館,2017年9月、カップルでの旅行,お高いが満足☆,https://www.tripadvisor.jp/ShowUserReviews-g298564-d1036780-r541224801-Yuzuya_Ryokan-Kyoto_Kyoto_Prefecture_Kinki.html,"名古屋市, 愛知県",RHALOALO,
家内と桜が満開の時に宿泊させていただきました。,2018-06-08,2018-06-08 02:43:14,翠嵐 ラグジュアリーコレクションホテル 京都,2018年2月、カップルでの旅行,スタッフの気配りがいい,https://www.tripadvisor.jp/ShowUserReviews-g298564-d7767288-r583410110-Suiran_Luxury_Collection_Hotel_Kyoto-Kyoto_Kyoto_Prefecture_Kinki.html,"京都市, 京都府",みるくゆ, 露天風呂つきのがおすすめです 
京都駅からも近く、非常にデザインが良く、共用施設も部屋も気分良く利用できました また、スタッフも親切で,2018-06-08,2018-06-08 02:43:14,ピースホステル京都,2017年10月、一人での旅行,ロビーも素敵な空間でした。,https://www.tripadvisor.jp/ShowUserReviews-g298564-d4043564-r558446697-Piece_Hostel_Kyoto-Kyoto_Kyoto_Prefecture_Kinki.html,"鹿児島市, 鹿児島県",156bernicec, ロビーも素敵な空間でした。 
ドミトリータイプに1泊しましたが、とてもよいです。1階のロビーは、ソファもあり、いろいろな観光案内もあって、リラックスできます。お茶の飲める、おなべも使えるようで、何名かで使えばより楽しめそうです。,2018-06-08,2018-06-08 02:43:14,ピースホステル京都,2017年10月、一人での旅行,京都駅からも近く、すごくよいです,https://www.tripadvisor.jp/ShowUserReviews-g298564-d4043564-r558452003-Piece_Hostel_Kyoto-Kyoto_Kyoto_Prefecture_Kinki.html,"東京23区, 東京都",michigoBKK, ドミトリータイプもロッカーがあり、ベッドもよいです。 
駅からも徒歩圏内,2018-06-08,2018-06-08 02:43:14,ピースホステル京都,2018年1月,ちょい泊まり,https://www.tripadvisor.jp/ShowUserReviews-g298564-d4043564-r561351524-Piece_Hostel_Kyoto-Kyoto_Kyoto_Prefecture_Kinki.html,大阪府,なおかん, ドミトリータイプもロッカーがあり、ベッドもよいです。 
女友達と1泊するため利用しました。,2018-06-08,2018-06-08 02:43:14,ピースホステル京都,2018年3月、友達との旅行,オシャレでコンパクト！,https://www.tripadvisor.jp/ShowUserReviews-g298564-d4043564-r565940012-Piece_Hostel_Kyoto-Kyoto_Kyoto_Prefecture_Kinki.html,大阪府,Marika O, ドミトリータイプもロッカーがあり、ベッドもよいです。 
ネットでラグジュアリーツインを予約していましたが、大文字が見える東側のルームenにグレードアップして頂きました。葵祭をどこの場所で見るか迷っていたら、フロントで観覧席のチケットを購入できました。スタッフの方々の対応も良く、ストレスフリーな宿泊ができました。,2018-06-08,2018-06-08 02:43:14,京都ブライトンホテル,2017年6月、カップルでの旅行,ストレスフリーなホテルです,https://www.tripadvisor.jp/ShowUserReviews-g298564-d307638-r580932286-Kyoto_Brighton_Hotel-Kyoto_Kyoto_Prefecture_Kinki.html,JAPAN,yamatakashi, 無料でグレードアップして頂きました。 
何回おとずれても、ゆったりと、くつろげるし、料理も。美味しい。,2018-06-08,2018-06-08 02:43:14,京都ブライトンホテル,2018年3月,ホテルに、はいると広々して、落ち着ける,https://www.tripadvisor.jp/ShowUserReviews-g298564-d307638-r581311049-Kyoto_Brighton_Hotel-Kyoto_Kyoto_Prefecture_Kinki.html,"姫路市, 兵庫県",aakiko0916, 無料でグレードアップして頂きました。 
"リピート客ですが,建物がとってもきれいで気持ちがいいです。スタッフの方もとっても親切です。簡単なものとはいえ朝食付きというのも一人旅中の身には助かりました",2018-06-08,2018-06-08 02:43:14,ピースホステル京都,2018年3月、友達との旅行,駅近でとても綺麗！,https://www.tripadvisor.jp/ShowUserReviews-g298564-d4043564-r566586400-Piece_Hostel_Kyoto-Kyoto_Kyoto_Prefecture_Kinki.html,大阪府,Taichi S," こういうタイプの宿では,自分はいつも少人数部屋を選んでいます。 "
京都御所から5分ほどのところにあります．大きな通りに面していないので，非常に静かな場所です．高級ホテルなので，少し高いですが，居心地の良さや食事の美味しさを考えれば納得です．以前も利用したことがありますが，部屋はどれも清潔で設備やアメニティは充分満足でした．また，朝食が美味しかったのも嬉しかったです．また，利用したいです．,2018-06-08,2018-06-08 02:43:14,京都ブライトンホテル,2017年6月、カップルでの旅行,居心地の良いホテルです,https://www.tripadvisor.jp/ShowUserReviews-g298564-d307638-r580253945-Kyoto_Brighton_Hotel-Kyoto_Kyoto_Prefecture_Kinki.html,"神戸市, 兵庫県",T K,
駅に近くコンビニもファミマとデイリーがあり便利です。清潔でズボンプレッサーもありイイ感じ(*⌒∇⌒*)です。,2018-06-08,2018-06-08 02:43:14,ダイワロイネットホテル京都八条口,2018年3月、一人での旅行,観光,https://www.tripadvisor.jp/ShowUserReviews-g298564-d1872358-r566406723-Daiwa_Roynet_Hotel_Kyoto_Hachijoguchi-Kyoto_Kyoto_Prefecture_Kinki.html,"松山市, 愛媛県",エスペランサ2018,
どこのダイワロイネットもきれいで他のビジネスホテルと比較してひろい。,2018-06-08,2018-06-08 02:43:15,ダイワロイネットホテル京都八条口,2018年1月、出張としての旅行,安定のダイワロイネット,https://www.tripadvisor.jp/ShowUserReviews-g298564-d1872358-r557791028-Daiwa_Roynet_Hotel_Kyoto_Hachijoguchi-Kyoto_Kyoto_Prefecture_Kinki.html,"広島市, 広島県",Go M, 街中ゆえどのお部屋も眺望は期待できません。 
京都駅八条東口から徒歩5分くらいかなぁ。直進なので迷わずに行けるし、途中にコンビ二やお食事処もありますす。,2018-06-08,2018-06-08 02:43:15,ダイワロイネットホテル京都八条口,2017年6月、出張としての旅行,朝食のおばんざい最高です🎶,https://www.tripadvisor.jp/ShowUserReviews-g298564-d1872358-r585444876-Daiwa_Roynet_Hotel_Kyoto_Hachijoguchi-Kyoto_Kyoto_Prefecture_Kinki.html,"松山市, 愛媛県",Eiko T,
女性従業員の対応が素晴らしかったです。個別に何がどう素晴らしかったとは書きませんが、全てにといってもいいぐらいです。大変感激いたしました。,2018-06-08,2018-06-08 02:43:15,ダイワロイネットホテル京都八条口,2018年1月、出張としての旅行,素晴らしい,https://www.tripadvisor.jp/ShowUserReviews-g298564-d1872358-r563063930-Daiwa_Roynet_Hotel_Kyoto_Hachijoguchi-Kyoto_Kyoto_Prefecture_Kinki.html,"松山市, 愛媛県",on916,
安くやすむならこれもあり！,2018-06-08,2018-06-08 02:43:15,祇園旅館 休兵衛,2016年7月、家族旅行,必要にして充分,https://www.tripadvisor.jp/ShowUserReviews-g298564-d6678703-r396621535-Gion_Ryokan_Q_beh-Kyoto_Kyoto_Prefecture_Kinki.html,"目黒区, 東京都",尚紀大, 予約自体が取りづらいので、早めに予定を立てることをお勧めします 
いつも京都に行く時に利用しています。八坂神社のすぐ近くで京都にいるってすごく感じることができる場所です。（交通の便は市バスを使えば良いけど電車利用者には少し不便かも！？）,2018-06-08,2018-06-08 02:43:15,祇園旅館 休兵衛,2017年8月、一人での旅行,気楽に泊まれるゲストハウス,https://www.tripadvisor.jp/ShowUserReviews-g298564-d6678703-r560755557-Gion_Ryokan_Q_beh-Kyoto_Kyoto_Prefecture_Kinki.html,"目黒区, 東京都",つばらつばら, 予約自体が取りづらいので、早めに予定を立てることをお勧めします 
京都タワーの反対側なので静かな環境です。室内はいつも通り綺麗です。,2018-06-08,2018-06-08 02:43:15,ダイワロイネットホテル京都八条口,2018年3月、一人での旅行,駅近で楽チン！,https://www.tripadvisor.jp/ShowUserReviews-g298564-d1872358-r566177513-Daiwa_Roynet_Hotel_Kyoto_Hachijoguchi-Kyoto_Kyoto_Prefecture_Kinki.html,"松山市, 愛媛県",Mikiko S,
ここのオーナーは英語圏の白人に対してだけWelcomeな態度,2018-06-08,2018-06-08 02:43:15,祇園旅館 休兵衛,2017年11月、一人での旅行,実に残念なゲストハウス,https://www.tripadvisor.jp/ShowUserReviews-g298564-d6678703-r562385633-Gion_Ryokan_Q_beh-Kyoto_Kyoto_Prefecture_Kinki.html,"目黒区, 東京都",つばらつばら, 予約自体が取りづらいので、早めに予定を立てることをお勧めします 
いつも京都に行く時に利用しています。八坂神社のすぐ近くで京都にいるってすごく感じることができる場所です。（交通の便は市バスを使えば良いけど電車利用者には少し不便かも！？）,2018-06-08,2018-06-08 02:43:15,祇園旅館 休兵衛,2017年8月、一人での旅行,気楽に泊まれるゲストハウス,https://www.tripadvisor.jp/ShowUserReviews-g298564-d6678703-r516651000-Gion_Ryokan_Q_beh-Kyoto_Kyoto_Prefecture_Kinki.html,"目黒区, 東京都",つばらつばら, 予約自体が取りづらいので、早めに予定を立てることをお勧めします 
三条の少し入ったところにあり、静かで過ごしやすいホテルです。四条や先斗町へは徒歩で行ける他、バス停が近いことや、地下鉄も京阪線の三条駅にも歩いて行け、観光には最高の立地です。,2018-06-08,2018-06-08 02:43:15,ホテルビスタプレミオ京都,2017年2月、家族旅行,立地最高,https://www.tripadvisor.jp/ShowUserReviews-g298564-d2163994-r528726894-Hotel_Vista_Premio_Kyoto-Kyoto_Kyoto_Prefecture_Kinki.html,愛知県,chaka1228, 道路に面してない方が街中の声は聞こえにくいかもしれません。気にはなりませんでしたが。 
年末年始に宿泊。,2018-06-08,2018-06-08 02:43:15,京都花ホテル,2017年10月,繁華街にも東山にも行きやすい,https://www.tripadvisor.jp/ShowUserReviews-g298564-d3861136-r558275506-Kyoto_Hana_Hotel-Kyoto_Kyoto_Prefecture_Kinki.html,東京,hatakoto,
立地は、阪急河原町駅や地下鉄の京都市役所駅からも歩ける距離にあり、観光地に向かう市バスのバス停もすぐ近くです。部屋は、京都らしい和を意識した落ち着いた内装できれいです。今回はシングルからツインにアップグレードしてくれたので広さも十分でした。宿泊費が高い京都にしては納得できる価格で、朝食もビジネスホテルの一般的なビュッフェメニューと違い農場直営レストランの自家製野菜やハムなどがあり充実していてよかったです。それとホテルのすぐ向かいにあるつけ麺屋さんがおいしかったです。,2018-06-08,2018-06-08 02:43:15,ホテルビスタプレミオ京都,2017年2月、家族旅行,ビジネスと観光ホテルの融合,https://www.tripadvisor.jp/ShowUserReviews-g298564-d2163994-r536853336-Hotel_Vista_Premio_Kyoto-Kyoto_Kyoto_Prefecture_Kinki.html,"東京23区, 東京都",どらみふぁ, 道路に面してない方が街中の声は聞こえにくいかもしれません。気にはなりませんでしたが。 
"良い点・高評価
立地が大変良い。繁華街のど真ん中。河原町三条のバス停から1分
京都滞在中雨に降られたが新京極や錦市場のアーケード街のおかげで買い物等は不便なかった。
京阪三条、京都市役所前、河原町の鉄路は3路線の駅に徒歩５-１０分程度接客が良い。
街案内、飲食店案内も基本は外さなかった。スタンダードの21ｍ2の客室であったが比較的広く感じた（今回の旅行は20ｍ2以上のホテルを選んだがこの部屋が一番広く感じた）
室内のデザインも今風の和洋折衷デザイナーズホテルの感があり同行した華僑オーストラリア人も満足していた。バスタブも広い。
客室の辻利のほうじ茶が美味しかった。追加でティーバッグを頂いたほど。
喫煙者だが全館禁煙。
氷用の紙カップが大きくて使いやすかった。
気になった点チェックインの際第一声が私に対して「パスポート」と言われて「は？」と思った。ちょっとイラッとした。日本人ですけどね、日本人にパスポートって聞くのはちょっと…どうかと。当然帯同した「外国の方のパスポート」という枕言葉が有ったならまた別ですが。

０点或いは超マイナス点（ミシュランやサイトの高評価自主返上して良いぐらいだとおもう）
エレベーター横の防火扉（プラカバーのカギが有ったので常時閉鎖式？）のラッチ受けにガムテープで目張りがして有り簡単に開けるようになっていた、ラッチが掛からず閉鎖できない防火扉は消防法違反ではないのでしょうか？隙間風が気になったのできっちり閉じようとしたが閉まらなかった。火災の時はこの隙間風が煙になることを考えたら早急に対処する必要が有ると思います。
消防法の指摘が間違っていたら投稿削除していただいて構い...",2018-06-08,2018-06-08 02:43:15,ホテルビスタプレミオ京都,2017年2月、家族旅行,ミシュランや旅行サイトから受賞を受けるのが判る気がする,https://www.tripadvisor.jp/ShowUserReviews-g298564-d2163994-r569819852-Hotel_Vista_Premio_Kyoto-Kyoto_Kyoto_Prefecture_Kinki.html,"東京23区, 東京都",ぷるぷる２, 道路に面してない方が街中の声は聞こえにくいかもしれません。気にはなりませんでしたが。 
"皆さんが言っていらっしゃるように、便利な場所。雨が降ってもアーケード街がすぐ近くにある。しかも斜め前には夜遅くまで開いている安売りの食料品店（飲料品購入）がある！という大変立地の良いホテルです。
ただ到着時に最初通された部屋は5日間滞在予約なのに下層階の窓が小さく暗い狭い部屋でした。幸いお願いしたら空室状況にもよるのでしょうが、窓がもっと大きく明るい別の部屋に変えていただけました。お陰様でとても良い滞在でした。
1,2泊の滞在なら当方も我慢いたします。でもあの最初の部屋にずーっと滞在しなくてはいけなかったら気分が重くなっていたかもしれません。スタッフの方々の素早い対応に感謝するとともに、なんで？最初の良くない部屋を最短滞在者ではない（つまりそれなりに滞在費を払う、しかも予約は4から6か月前にしています）当方にあてがおうとしたのか？疑問が残りました。
朝食の件。別の会社が経営なさっているので予約時に朝食の日にちを決めていると、到着してから変更したくてもできません。京都市内より遠出をするときは朝食開始時間前出発になることが起きると思いますので注意が必要です。当方は幸い滞在前にそれが分かったので、朝食無しの予約に変更できました。
一度だけ試しに1階のレストランで朝食を頂きました。連日観光しすぎて疲れ果てて早起きができず、朝食が食べられる時間帯終了の40分前に到着。「今頃来た」感の応対で、まずはすぐ支払いを請求されました。ビュッフェの食べ物は「なくなったら追加しない」のでしょう？すでにかなりカラ。当方が正規の朝食代金を払っていないのならわかりますがね。正規の料金を払っていてスカスカの物ばかりを提供するのは納得がいきま...",2018-06-08,2018-06-08 02:43:16,ホテルビスタプレミオ京都,2017年2月、家族旅行,便利な場所の良いホテル！朝食は？,https://www.tripadvisor.jp/ShowUserReviews-g298564-d2163994-r575727497-Hotel_Vista_Premio_Kyoto-Kyoto_Kyoto_Prefecture_Kinki.html,"パリ, フランス",devimal, 京都市内のど真ん中ですから景色は期待しないでください。 
先日の二日泊まり、いろいろお世話になっております。素敵なお部屋とサービスで、沢山のいい写真が撮られて、本当にありがとうございました。今後ともよろしくお願いいたします。,2018-06-08,2018-06-08 02:43:16,祇園旅館 休兵衛,2017年11月、一人での旅行,感覺很棒的一間民宿,https://www.tripadvisor.jp/ShowUserReviews-g298564-d6678703-r572591430-Gion_Ryokan_Q_beh-Kyoto_Kyoto_Prefecture_Kinki.html,"目黒区, 東京都",優希 舞, 予約自体が取りづらいので、早めに予定を立てることをお勧めします 
翌日の予定の為、すぐに電車に乗れるようにJR京都駅に隣接したホテルを探していました。,2018-06-08,2018-06-08 02:43:16,イビス スタイルズ 京都ステーション,2018年1月、家族旅行,駅地下で便利,https://www.tripadvisor.jp/ShowUserReviews-g298564-d1524721-r557292003-Ibis_Styles_Kyoto_Station-Kyoto_Kyoto_Prefecture_Kinki.html,"横浜市, 神奈川県",MaxM2119,
京都駅八条口を出てすぐ、道路の向かい側にあるので、はじめてでもすぐに見つけることができました。フロントや朝食会場でのスタッフの対応はとても丁寧で好感が持てました。部屋も清掃が行き届いています。ただ、もう少し部屋や朝食会場に広さがあればなおよかったです。また、時間帯によってエレベータをかなり待つことになるので、2階のフロントまで階段で移動できるようにしてほしいと思いました。,2018-06-08,2018-06-08 02:43:16,イビス スタイルズ 京都ステーション,2017年12月,京都駅至近でコンパクト,https://www.tripadvisor.jp/ShowUserReviews-g298564-d1524721-r560998634-Ibis_Styles_Kyoto_Station-Kyoto_Kyoto_Prefecture_Kinki.html,Japan,garrulus,
立地は駅前すぐ。,2018-06-08,2018-06-08 02:43:16,イビス スタイルズ 京都ステーション,2018年5月、友達との旅行,朝食会場が大渋滞,https://www.tripadvisor.jp/ShowUserReviews-g298564-d1524721-r579544423-Ibis_Styles_Kyoto_Station-Kyoto_Kyoto_Prefecture_Kinki.html,"北九州市, 福岡県",シーサ,
京都駅八条口から横断歩道を渡ってすぐ、空港へのリムジンバス乗り場からもすぐ近くなので旅行者にはとてもいいロケーションです。朝食付きです。ビュッフェにはご飯など和食もありました。ホテル自体まだ新しく、客室もとてもきれいでした。,2018-06-08,2018-06-08 02:43:16,イビス スタイルズ 京都ステーション,2018年2月,駅から本当に近い,https://www.tripadvisor.jp/ShowUserReviews-g298564-d1524721-r561659508-Ibis_Styles_Kyoto_Station-Kyoto_Kyoto_Prefecture_Kinki.html,"Fukuoka, Japan",845tommy,
"this hotel group holds sofitel, raffles, novotel, mercury!　trustworthy hotel I think.",2018-06-08,2018-06-08 02:43:16,イビス スタイルズ 京都ステーション,2018年5月、友達との旅行,convenient hotel,https://www.tripadvisor.jp/ShowUserReviews-g298564-d1524721-r583977264-Ibis_Styles_Kyoto_Station-Kyoto_Kyoto_Prefecture_Kinki.html,"荒川区, 東京都",gun2016, 京都駅からとても近く便利です 
ホテルで２段ベッドってあまりないので子供が喜んでました．,2018-06-08,2018-06-08 02:43:16,Hostel Niniroom,2018年5月、家族旅行,良かったです,https://www.tripadvisor.jp/ShowUserReviews-g298564-d13350205-r582299664-Hostel_Niniroom-Kyoto_Kyoto_Prefecture_Kinki.html,"枚方市, 大阪府",katsunoritoyosaki, ドミトリーから大人数で泊まれる部屋までいろいろあるので、用途にあわせて。 
京阪神宮丸太町駅からすぐの場所で、非常に便利。女性二人のオーナーの人柄がホテル全体に及んでいて、本当に素敵なホステルです。価格もリーズナブルでおすすめです。,2018-06-08,2018-06-08 02:43:16,Hostel Niniroom,2018年5月、出張としての旅行,ロケーション、雰囲気ともに最高でした。,https://www.tripadvisor.jp/ShowUserReviews-g298564-d13350205-r582320132-Hostel_Niniroom-Kyoto_Kyoto_Prefecture_Kinki.html,"枚方市, 大阪府",Shinichiro M," ホステルですがティッシュが置かれていたので便利でした。
シャワールームにもシャンプー、コンディショナー、ボディーソープがあり、洗面所にはドライヤーもあります。
シャワーだけでなく、1つだけですがバスタブもあります！ "
宿泊費を安くしたいけどホステルってあまり綺麗じゃなさそう、何となく不安、っていうイメージでしたが、こちらは女性オーナーが運営されているので、安心して宿泊できます。,2018-06-08,2018-06-08 02:43:17,Hostel Niniroom,2018年5月、一人での旅行,女性1人旅に最適です！,https://www.tripadvisor.jp/ShowUserReviews-g298564-d13350205-r582301630-Hostel_Niniroom-Kyoto_Kyoto_Prefecture_Kinki.html,"枚方市, 大阪府",sawa1973," ホステルですがティッシュが置かれていたので便利でした。
シャワールームにもシャンプー、コンディショナー、ボディーソープがあり、洗面所にはドライヤーもあります。
シャワーだけでなく、1つだけですがバスタブもあります！ "
賀茂川を超えて、丸太町から三条界隈を夜散策したい方にはオススメです。オシャレです。便利な場所、ゲストハウス初めてでも安心して泊まれます。,2018-06-08,2018-06-08 02:43:17,Hostel Niniroom,2018年5月、一人での旅行,ゲストハウス初めてでも安心して泊まれます,https://www.tripadvisor.jp/ShowUserReviews-g298564-d13350205-r582322063-Hostel_Niniroom-Kyoto_Kyoto_Prefecture_Kinki.html,"つくば市, 茨城県",saka1chan, 二階建てベッドが、もう少しのぼりやすかったらと思いますが、寝具も清潔で安心してねむれました。 
京都駅から1駅の好立地であり、,2018-06-08,2018-06-08 02:43:17,サクラテラス,2018年4月、カップルでの旅行,立地◎,https://www.tripadvisor.jp/ShowUserReviews-g298564-d5484348-r577985494-Sakura_Terrace-Kyoto_Kyoto_Prefecture_Kinki.html,福岡県,みかほ,
3人で泊まって、それぞれがシングルベッドで広い部屋。簡易ベッドをダブルの部屋に用意されるのが嫌だったので、ここを選びました。お風呂も快適で、そして時間設定も遅くまではいれるし、朝早くからも入れるし気に入りました。ウェルカムドリンクもあるし、朝食はとてもおいしくて、大きな胃袋がほしくなりました。駅近だし、精算も機械処理でスムーズ。スマートなホテルでした。,2018-06-08,2018-06-08 02:43:17,サクラテラス,2018年4月、カップルでの旅行,大浴場、朝食がとっても素敵なホテル,https://www.tripadvisor.jp/ShowUserReviews-g298564-d5484348-r579798852-Sakura_Terrace-Kyoto_Kyoto_Prefecture_Kinki.html,横浜市,OUFS1988,
京都駅からも徒歩数分で、地下鉄駅からは、すぐです。大浴場も男女別にあり、朝食も美味しいです。ウェルカムドリンクもあって良いです。,2018-06-08,2018-06-08 02:43:17,サクラテラス,2018年4月、カップルでの旅行,大浴場もあり　駅近です,https://www.tripadvisor.jp/ShowUserReviews-g298564-d5484348-r581323717-Sakura_Terrace-Kyoto_Kyoto_Prefecture_Kinki.html,横浜市,Hideo K, 早めの予約で部屋を選ぶことです。 
大浴場あり、トイレと風呂は共同、ですが、部屋はきれいで寝心地よし。朝ごはんもビュッフェでおいしい。スタッフも親切,2018-06-08,2018-06-08 02:43:17,サクラテラス,2018年4月、カップルでの旅行,質素だが十分,https://www.tripadvisor.jp/ShowUserReviews-g298564-d5484348-r582821279-Sakura_Terrace-Kyoto_Kyoto_Prefecture_Kinki.html,"坂戸市, 埼玉県",すきたび, 早めの予約で部屋を選ぶことです。 
こんなにおしゃれで素敵な「友達の部屋」はそうそうないと思います。ホスピタリティ溢れる対応も嬉しかったです。再訪間違いなしです！,2018-06-08,2018-06-08 02:43:17,Hostel Niniroom,2018年4月、友達との旅行,また遊びにいきます。,https://www.tripadvisor.jp/ShowUserReviews-g298564-d13350205-r582363445-Hostel_Niniroom-Kyoto_Kyoto_Prefecture_Kinki.html,"つくば市, 茨城県",funnu, 二階建てベッドが、もう少しのぼりやすかったらと思いますが、寝具も清潔で安心してねむれました。 
京都 地下鉄烏丸線九条駅目の前です。非常に立地が良いですね。お値段も納得値段です。京都駅からでも歩けます。5分位で着きます。私は、帰る時に雨が降ってしまったので、地下鉄で京都駅まで行きましたが、晴れてれば地下鉄に乗る必要はありません。,2018-06-08,2018-06-08 02:43:17,サクラテラス,2018年5月、一人での旅行,京都で泊まる,https://www.tripadvisor.jp/ShowUserReviews-g298564-d5484348-r582971586-Sakura_Terrace-Kyoto_Kyoto_Prefecture_Kinki.html,"坂戸市, 埼玉県",Junko Y, 地下鉄駅が目の前なんで、部屋はどこでも大丈夫ではないでしょうか。 
和室に泊まりましたが清潔感も居住性も申し分なく、快適でした。,2018-06-08,2018-06-08 02:43:17,松葉家 旅館,,とても快適でした,https://www.tripadvisor.jp/ShowUserReviews-g298564-d321383-r258844301-Matsubaya_Inn-Kyoto_Kyoto_Prefecture_Kinki.html,岡崎,いわいわ,
京都駅から徒歩10分とアクセスが良く、旅館の方々がとても親切でした。朝食は別料金ですが、紅葉シーズンにもかかわらず値段は１人あたり7000円くらいとリーズナブルで大満足でした。,2018-06-08,2018-06-08 02:43:17,松葉家 旅館,2015年11月、家族旅行,快適な京都旅行,https://www.tripadvisor.jp/ShowUserReviews-g298564-d321383-r329495452-Matsubaya_Inn-Kyoto_Kyoto_Prefecture_Kinki.html,"横浜市, 神奈川県",moco_moco22,
京都駅から10分ぐらいの徒圏内、東本願寺の近くにあります。東本願寺の前、桜のライトアップも見えまして、綺麗でした。近所はレストラン、コンビニも数軒あり、便利です。一階の部屋に泊まり、は小さな庭が眺められました。部屋は清潔でとても快適でした。チェックアウト後、荷物を預けすることもできるし、スタッフの人たちがとても親切でした。次回も泊まりたい和風旅館です！,2018-06-08,2018-06-08 02:43:17,松葉家 旅館,2015年11月、家族旅行,寝心地いいの部屋,https://www.tripadvisor.jp/ShowUserReviews-g298564-d321383-r332798074-Matsubaya_Inn-Kyoto_Kyoto_Prefecture_Kinki.html,"台北, 台湾",IvanaChen,
洋室、和室、どちらも良かったです。清潔、快適でオススメのホテルです。,2018-06-08,2018-06-08 02:43:17,松葉家 旅館,2015年3月、友達との旅行,良かった,https://www.tripadvisor.jp/ShowUserReviews-g298564-d321383-r345725056-Matsubaya_Inn-Kyoto_Kyoto_Prefecture_Kinki.html,"東京23区, 東京都",miamia25,
夜遅くチェックインして、朝早く朝食も摂らずチェックアウトしたため、宿の人との接触はほとんどありませんでした。こういった宿は、宿の人と話してナンボなのだと思います。,2018-06-08,2018-06-08 02:43:17,松葉家 旅館,,出張で泊まるのは多分もったいない。,https://www.tripadvisor.jp/ShowUserReviews-g298564-d321383-r294305291-Matsubaya_Inn-Kyoto_Kyoto_Prefecture_Kinki.html,"横浜市, 神奈川県",d0830,
駐車場は予約をして2000円です。外国の人が多いように感じます。朝ごはんは、京都祇園　天ぷら八坂 圓堂のテナントとしてホテルに入っているという。トウモロコシ、豆のほかに揚げたて天ぷらの種類があれば最高！,2018-06-08,2018-06-08 02:43:18,ホテル ザ セレスティン京都祇園,2018年5月,外国の人が多い,https://www.tripadvisor.jp/ShowUserReviews-g298564-d12257620-r583192477-HOTEL_THE_CELESTINE_KYOTO_GION-Kyoto_Kyoto_Prefecture_Kinki.html,岡山,ローズガーデン0121,
三回目の宿泊です。いつもサービスが行き届いて気持ちの良い滞在です。今回は女性専用部屋にアップしていただきました！大浴場もセキュリティーが万全で安心できます。今回ちょっと残念だったのは、朝食のデザートコーナーからミニケーキ類が無くなってゼリー物だけになってしまっていたこと。。。あとは、世界中どこから来たお客様でも満足するホテルだと思います。電子レンジ有、ビール５００ｍｍ３６０円で良心的価格,2018-06-08,2018-06-08 02:43:18,アルモントホテル京都 ,2017年11月,朝食が楽しみでリピート,https://www.tripadvisor.jp/ShowUserReviews-g298564-d3343640-r554355576-Almont_Hotel_Kyoto-Kyoto_Kyoto_Prefecture_Kinki.html,東京,旅たぬき,
京都駅近くにある法華倶楽部系列の新しいホテルです。清潔な館内、部屋はもとより大浴場、そして京都のおばんざいなど地産地消も楽しめる朝食バイキングが圧巻です。,2018-06-08,2018-06-08 02:43:19,アルモントホテル京都 ,2018年5月、一人での旅行,朝食と大浴場を満喫,https://www.tripadvisor.jp/ShowUserReviews-g298564-d3343640-r578384893-Almont_Hotel_Kyoto-Kyoto_Kyoto_Prefecture_Kinki.html,"沼津市, 静岡県",豊 渡,
JR東海ツアーズの「お１人様京都」でこのホテルに2泊しました。往復の新幹線とホテルが付くというものですが、シングル指定で私の選んだ日程ではここだけ空きがありました。朝食は付いていなかったのですが、口コミを見て二日とも朝食を付けてもらいました。これが大正解！小鉢に入れられてきれいに並べられている地元のお料理や、おかゆからご飯もの味噌汁などの和風派のものはもちろん、豊富な種類のパンもサラダもコーンスープも美味しかったです。ジュース、スムージーも一工夫ありで、更に一口サイズのデザートも何種類もありました。一日ずつ少しメニューが変わっているのも良いです。お昼は軽く済ませられるくらい目一杯食べました。ホテルのスタッフはどなたも丁寧で親切です。お部屋に毛布をもらいたくてフロントに電話したら「はい、○○様」と言われたのはびっくりして嬉しかったです。すぐ持ってきてくれました。シングルでも広さは十分。加湿器は象印の立派なものですし、収納や明かりも十分でした。初日は大浴場へ。部屋着とトートバッグを貸してくれてそのまま行けるのはとてもありがたいです。二日目は帰りが遅くなったのでお部屋のバスタブでのんびりと。とても快適で居心地の良いホテルで満足しました。また機会があれば滞在したいです。ホテルから京都駅へは徒歩5分ほどの立地ですが、一番近い改札口は八条口なので、烏丸口のバスターミナルに行く場合や自分の乗りたい列車のホームによっては、時間に余裕をもって出た方が良いと思います。,2018-06-08,2018-06-08 02:43:19,アルモントホテル京都 ,2017年11月,朝食は付けることをお勧め。,https://www.tripadvisor.jp/ShowUserReviews-g298564-d3343640-r565443381-Almont_Hotel_Kyoto-Kyoto_Kyoto_Prefecture_Kinki.html,"沼津市, 静岡県",アールくん,
JR50プラスで予約してこちらのホテルに泊まりました。清潔で大浴場もあり、1800円の朝食はとても美味しかったです。女性専用の部屋にはフットマッサージや、美顔器があり、私は美顔器、友達はフットマッサージを使って一日の疲れを癒しました。ちょっとした心遣いが嬉しいホテルでした。ベットはシモンズです。,2018-06-08,2018-06-08 02:43:19,アルモントホテル京都 ,2018年5月、一人での旅行,友達との京都旅行、女性専用にアップ,https://www.tripadvisor.jp/ShowUserReviews-g298564-d3343640-r579848305-Almont_Hotel_Kyoto-Kyoto_Kyoto_Prefecture_Kinki.html,"横浜市, 神奈川県",miku767,
4月のギリギリ桜を観れる時期に男4人で宿泊。京大病院の近くで周辺はとても静か。建物も部屋も情緒あり、雰囲気が楽しめる。浴場は少し狭いが必要十分。離れでとる朝食が雰囲気、メニューともに京都を感じさせて良かった。朝食付きで1万円と少しはお値打ち。,2018-06-08,2018-06-08 02:43:19,さわや本店,2018年5月、カップルでの旅行,情緒ありリーズナブルな宿,https://www.tripadvisor.jp/ShowUserReviews-g298564-d1080580-r270262537-Sawaya_Honten-Kyoto_Kyoto_Prefecture_Kinki.html,東京都,Shinjuku-Zame, have a room with a bath. Very good bathrooms! 
大浴場があるのが泊まった決め手です。リフレッシュできました☆最近は外国観光客向けに、お座敷を椅子にしたり、英語のガイドブックやマナー本があったりと、設備を充実されていました。,2018-06-08,2018-06-08 02:43:19,さわや本店,2016年3月、家族旅行,落ち着いた旅館,https://www.tripadvisor.jp/ShowUserReviews-g298564-d1080580-r353461444-Sawaya_Honten-Kyoto_Kyoto_Prefecture_Kinki.html,"東京, 日本",ゆきこ2016,
一休で見つけて予約しました。京都駅からは少し離れていますが、鴨川沿いでリバービューのとてもおしゃれなホテルでした。新しいのもありますが、ソファやテーブル、お風呂等全てにおいてこだわりが見られました。部屋からは清水寺のライトアップも見えました。ホテルの入り口が分かりにくく、一回素通りしてしまうくらいですが、隠れ家っぽい感じでそれもまた良かったです。京都らしい和モダンな町家を改装した新しいホテルです。朝食はついていないので近くのお店で済ませました。冷蔵庫や洗濯機がついていて長期滞在にも向いていると思います。紅葉の時期だったのでバスやタクシーで色々観光できました。両親にホテル宿泊をプレゼントしたのですが、今まで泊まったホテルや旅館とは違った経験ができ大変喜ばれました。,2018-06-08,2018-06-08 02:43:19,葵 Hotel Kyoto,2015年11月、家族旅行,快適でした。,https://www.tripadvisor.jp/ShowUserReviews-g298564-d8332785-r346075011-Aoi_Hotel_Kyoto-Kyoto_Kyoto_Prefecture_Kinki.html,"東京23区, 東京都",Shizuka S,
新しめの一軒家をゲストハウスにしている宿です。,2018-06-08,2018-06-08 02:43:19,葵 Hotel Kyoto,2016年11月、一人での旅行,リーズナブルな個室,https://www.tripadvisor.jp/ShowUserReviews-g298564-d8332785-r541055114-Aoi_Hotel_Kyoto-Kyoto_Kyoto_Prefecture_Kinki.html,"三浦市, 神奈川県",Mitzhiro,
広くてオシャレで広々とした室内。インテリアは京都らしさ満点な上、鴨川一望の眺望。繁華街ど真ん中で些か安全面で微妙ですが、ここは日本しかも京都市内。そんなに心配なし。値段は一人だと高いですが、二人ならちょっとした贅沢程度。風呂は檜で、風呂からも鴨川見られます。食事は一切つきません。ただキッチンついてますし、何と言って木屋町通に面してるわけで問題なし。素晴らしい。１つだけ問題点をあげるなら、ベッドが小さいこと。大きい人は辛いかも。,2018-06-08,2018-06-08 02:43:19,葵 Hotel Kyoto,2016年11月、一人での旅行,外から見ると貧弱だけど、,https://www.tripadvisor.jp/ShowUserReviews-g298564-d8332785-r435232354-Aoi_Hotel_Kyoto-Kyoto_Kyoto_Prefecture_Kinki.html,"東京23区, 東京都",Nanashino_Gombei,
初めて利用しました。「ゲストハウス」なので、安全面と清潔感が心配でしたが、驚くほど清潔で、清掃も行き届いています。セキュリティーもフロント・スタッフがしっかりしていて安心できます。客層は、外国人が中心でダイニングルームでは、各国の旅行者と食事をしたり、お酒を飲んだりと異文化コミュニケーションができます。ゲストハウスとしては、完成度が高く、お値段もリーズナブルなので京都観光の宿泊費を節約したい方にはお勧めです。残念な点は、外国人旅行者が多いので、日本人向けの案内パンフレットが少なく、店内の掲示板も英語表記orローマ字表記なので読みにくいです。,2018-06-08,2018-06-08 02:43:19,カオサン京都ゲストハウス,2017年5月、友達との旅行,清潔感と安さが魅力のゲストハウス,https://www.tripadvisor.jp/ShowUserReviews-g298564-d1967550-r491945986-Khaosan_Kyoto_Guesthouse-Kyoto_Kyoto_Prefecture_Kinki.html,神奈川県,take_nokonoko,
スタッフの対応がよくて、過ごしやすかったです。,2018-06-08,2018-06-08 02:43:19,カオサン京都ゲストハウス,2017年5月、友達との旅行,スタッフ対応良し,https://www.tripadvisor.jp/ShowUserReviews-g298564-d1967550-r482815465-Khaosan_Kyoto_Guesthouse-Kyoto_Kyoto_Prefecture_Kinki.html,"所沢市, 埼玉県",美江 末,
河原町近くに安く泊まれるので、立地はかなりいいです。近くにスーパーもあります。,2018-06-08,2018-06-08 02:43:19,カオサン京都ゲストハウス,2015年10月、一人での旅行,夜がうるさかった・・・,https://www.tripadvisor.jp/ShowUserReviews-g298564-d1967550-r390241066-Khaosan_Kyoto_Guesthouse-Kyoto_Kyoto_Prefecture_Kinki.html,台湾,dorami_faso,
京都中心部で安くてとにかく便利。海外のゲストハウスを知っていればこちらのレベルの高さが分かると思います。,2018-06-08,2018-06-08 02:43:19,カオサン京都ゲストハウス,2015年10月、一人での旅行,安くて便利,https://www.tripadvisor.jp/ShowUserReviews-g298564-d1967550-r460840819-Khaosan_Kyoto_Guesthouse-Kyoto_Kyoto_Prefecture_Kinki.html,"所沢市, 埼玉県",ishtirakiya,
花街のゆったりとした時間が流れていて、とても快適でした。気さくで親切な店員さんとお話しもできます。次はぜひゲストハウスを利用してみたいと思います。,2018-06-08,2018-06-08 02:43:20,MOSAIC MACHIYA KSK,2017年7月、一人での旅行,タイ式ミルクティの美味しい町家カフェ,https://www.tripadvisor.jp/ShowUserReviews-g298564-d10378795-r498731454-Mosaic_Machiya_KSK-Kyoto_Kyoto_Prefecture_Kinki.html,愛知県,yuyuyuuuuu, それぞれ特徴があるのでスタッフに相談。細やかに相談に乗ってくれました。 
高級旅館のような環境や対応を求めるのではなくて、立地や滞在のしやすさで選ぶなら,2018-06-08,2018-06-08 02:43:20,エコ アンド テック 京都,2016年1月、家族旅行,立地の良さと気軽に利用できる環境が良い,https://www.tripadvisor.jp/ShowUserReviews-g298564-d1115224-r347845525-Eco_and_Tec_Kyoto-Kyoto_Kyoto_Prefecture_Kinki.html,"Yokohama, Japan",takap2016, 広々としていて快適でした 
シンプルな内装で、居心地がいい。,2018-06-08,2018-06-08 02:43:20,エコ アンド テック 京都,2018年1月、一人での旅行,自分の部屋のように,https://www.tripadvisor.jp/ShowUserReviews-g298564-d1115224-r557636304-Eco_and_Tec_Kyoto-Kyoto_Kyoto_Prefecture_Kinki.html,姫路市,Ham M, 広々としていて快適でした 
タオル交換、清掃がない以外は、他のホテルと何も変わらない。,2018-06-08,2018-06-08 02:43:20,エコ アンド テック 京都,2016年4月、カップルでの旅行,また利用したい,https://www.tripadvisor.jp/ShowUserReviews-g298564-d1115224-r373547358-Eco_and_Tec_Kyoto-Kyoto_Kyoto_Prefecture_Kinki.html,"Kamakura, Japan",rem134, 広々としていて快適でした 
もう15年ほど京都での常宿です。トイレバス共同、キッチンもあります。シングル個室に3泊しました、宿泊客はオーストラリア人を中心にほぼ欧米人でした、が、スタッフは日本人だけですから心配は必要ありません。(笑） ホテルとの違いは、寝間着（浴衣）は用意されていません、タオルは有料貸出です。,2018-06-08,2018-06-08 02:43:20,ケイズ ハウス 京都,2018年3月、一人での旅行,欧米人バックパッカーの多い清潔な宿です。,https://www.tripadvisor.jp/ShowUserReviews-g298564-d736897-r576035828-K_s_House_Kyoto-Kyoto_Kyoto_Prefecture_Kinki.html,okinawa,nadasousou, いびきや共同生活が苦手な人はシングルルームにするといいと思う 
初めてドミトリータイプの宿泊施設に滞在しました。京都駅まで歩いて10分、また地下鉄の駅までは歩いて５分のところにあり、観光地へのアクセスがとても良かったです。女性専用の４人部屋でしたが、部屋はとても綺麗だし、南京錠で閉まるロッカーも一人一つずつありました。ちょっと狭いかなって感じだったけど快適でした。帰る日は夜行バスで帰る予定だったのですが、夜の１１時まで荷物を預かってもらえたし、夜行バスの時間まで共有スペース（洗面所、お風呂も含む）が利用できたので大変助かりました。また宿泊客の約９割が外国人で４日間滞在しましたが、日本人は滞在中スタッフさん以外でほとんど見かけないほどでした。相部屋だった外国人ともそれぞれの観光が終わって戻ってきたらその日何したか、どこがおすすめかなど日本のことや観光のことについていっぱい話せたのがすごく良かったです。日本だけどちょっと異文化交流や英語で海外の人とコミュニケーションしたいっていう方には最適なホステルだと思います。,2018-06-08,2018-06-08 02:43:20,ケイズ ハウス 京都,2018年3月、一人での旅行,異文化交流も楽しめる安くて素敵な宿,https://www.tripadvisor.jp/ShowUserReviews-g298564-d736897-r569507360-K_s_House_Kyoto-Kyoto_Kyoto_Prefecture_Kinki.html,"大阪市, 大阪府",Yurie O, いびきや共同生活が苦手な人はシングルルームにするといいと思う 
JR京都、京阪七条から徒歩圏内。,2018-06-08,2018-06-08 02:43:20,ケイズ ハウス 京都,2018年4月、一人での旅行,オススメです,https://www.tripadvisor.jp/ShowUserReviews-g298564-d736897-r576496990-K_s_House_Kyoto-Kyoto_Kyoto_Prefecture_Kinki.html,関東地方,いくら63, いびきや共同生活が苦手な人はシングルルームにするといいと思う 
京都観光で利用しました、シングルベッドの部屋を利用しましたがとても綺麗な部屋てした、京都の宿泊で3800円はとてもリーゾナブルでしたね。宿泊者のほとんどが外国人です。共同のキッチンがあるので自炊もできます。,2018-06-08,2018-06-08 02:43:20,ケイズ ハウス 京都,2018年5月、一人での旅行,京都駅に近くとても便利です,https://www.tripadvisor.jp/ShowUserReviews-g298564-d736897-r580991687-K_s_House_Kyoto-Kyoto_Kyoto_Prefecture_Kinki.html,横浜,naruchang, いびきや共同生活が苦手な人はシングルルームにするといいと思う 
全て白で統一されたスタイリッシュなカプセルホテル。,2018-06-08,2018-06-08 02:43:20,ナインアワーズ京都,2017年11月、一人での旅行,カプセルホテルの常識が変わります,https://www.tripadvisor.jp/ShowUserReviews-g298564-d6028872-r551045270-9_Hours_Capsule_Hotel_Kyoto-Kyoto_Kyoto_Prefecture_Kinki.html,東京,しおりちゃん,
京都にある全国チェーンのカプセルホテル。,2018-06-08,2018-06-08 02:43:20,ナインアワーズ京都,2017年11月、一人での旅行,綺麗なカプセル,https://www.tripadvisor.jp/ShowUserReviews-g298564-d6028872-r554880297-9_Hours_Capsule_Hotel_Kyoto-Kyoto_Kyoto_Prefecture_Kinki.html,埼玉,ヤッシー,
河原町駅からほど近く、コンビニもすぐそこにあって立地は便利です。,2018-06-08,2018-06-08 02:43:20,ナインアワーズ京都,2018年1月、友達との旅行,綺麗だけど割り切りが必要,https://www.tripadvisor.jp/ShowUserReviews-g298564-d6028872-r566994001-9_Hours_Capsule_Hotel_Kyoto-Kyoto_Kyoto_Prefecture_Kinki.html,"東京23区, 東京都",tomomo_s,
白メインの内装が綺麗。シャワーのシャンプーは頭ゴワゴワになるけど、コンディショナーもあるのでまあまあ。,2018-06-08,2018-06-08 02:43:20,ナインアワーズ京都,2018年1月、友達との旅行,シンプル綺麗,https://www.tripadvisor.jp/ShowUserReviews-g298564-d6028872-r556824598-9_Hours_Capsule_Hotel_Kyoto-Kyoto_Kyoto_Prefecture_Kinki.html,愛知県,mimii--chan,
お手ごろ価格にもかかわらず狭苦しくなく清潔で、京都駅にも近いです。,2018-06-08,2018-06-08 02:43:21,ケイズ ハウス 京都,2018年6月、一人での旅行,気楽で清潔,https://www.tripadvisor.jp/ShowUserReviews-g298564-d736897-r585203053-K_s_House_Kyoto-Kyoto_Kyoto_Prefecture_Kinki.html,"江南市, 愛知県",Miura1go, いびきや共同生活が苦手な人はシングルルームにするといいと思う 
"チェックイン前に荷物を預かってくれる……というよりは、『大荷物を置かせてもらえる』という感じです。不安を感じる方は、チェックイン時間(12時)までお待ちになるほうがよいかと。

コンビニは、１軒はすぐ隣(雨が降ってても傘が要らない位の距離)。道を隔てた斜め前に１軒。
目の前には飲食店もあったような。


就寝スペースですが。
私が泊まったカプセルのロールスクリーンカーテンが就寝中に巻き上がってしまっていて
ふと目覚めてビックリ！
(下部のストッパーが歪んだか何かで、きっちり止まらなくなっていた模様)←退出時に報告済。
お泊まりの際は、眠る前にカーテン下部のストッパーチェックを是非。
しつこいようですが『起きたら開いてた』は、冗談抜きで驚きます。

カプセル内には、棚状の物はありません。
ちょっとしたくぼみにメガネを置くのが精一杯です。
コンセントは１口のみですので、複数の機器を充電したい場合は分岐できるものをお持ちになった方がいいでしょう。
ですが『棚状の物はありません』。機器類を置く場所は寝具の上ですので、そこは熟慮してください。


『女性専用ラウンジ』へは、階段でしか行くことが出来ません。階段がキツいかたは諦めるしか……とはいえ、テーブルと椅子だけです。男女共用ラウンジとほぼ一緒です。


シャワーは、シャンプー・リンス・ボディソープがシャワーブース内にありました。
が。
シャンプーとリンスとボディソープの見分けがつかない(これは私の裸眼視力が0.1未満のためですが)。
おそらく『読書用メガネ』が必要な世代のかたもお困りかと思いますので、文字の表示は大きくお願い...",2018-06-08,2018-06-08 02:43:21,ナインアワーズ京都,2018年5月、一人での旅行,雰囲気は近未来的(一歩出れば古都w)。,https://www.tripadvisor.jp/ShowUserReviews-g298564-d6028872-r580455973-9_Hours_Capsule_Hotel_Kyoto-Kyoto_Kyoto_Prefecture_Kinki.html,"東京23区, 東京都",Haruyo K,
京都駅からもアクセスしやすい好立地です。,2018-06-08,2018-06-08 02:43:21,エコ アンド テック 京都,2015年11月、家族旅行,子連れ旅行にも重宝,https://www.tripadvisor.jp/ShowUserReviews-g298564-d1115224-r415637858-Eco_and_Tec_Kyoto-Kyoto_Kyoto_Prefecture_Kinki.html,姫路市,ヨシカワ, 広々としていて快適でした 
上七軒で こんな素敵なところに泊まれて 本当に嬉しかったです♪スタッフはみな英語に堪能で、外国人のゲストも とても楽しそうにしてました。,2018-06-08,2018-06-08 02:43:21,MOSAIC MACHIYA KSK,2017年5月、一人での旅行,心地よい空間と楽しい時間,https://www.tripadvisor.jp/ShowUserReviews-g298564-d10378795-r481843594-Mosaic_Machiya_KSK-Kyoto_Kyoto_Prefecture_Kinki.html,愛知県,Fairylandlily, 祇園の間の箱庭は夜中ライトアップされ非常に綺麗でした！ 
一人で京都観光にきて割安な料金で選びましたが親切なスタッフと快適なお部屋で京都観光を堪能できました。また来たいです。,2018-06-08,2018-06-08 02:43:21,MOSAIC MACHIYA KSK,2017年5月、一人での旅行,快適な旅,https://www.tripadvisor.jp/ShowUserReviews-g298564-d10378795-r484054811-Mosaic_Machiya_KSK-Kyoto_Kyoto_Prefecture_Kinki.html,愛知県,Fuji G, 祇園の間の箱庭は夜中ライトアップされ非常に綺麗でした！ 
ともかくエコなホテルです。従業員の笑顔は素敵です。,2018-06-08,2018-06-08 02:43:21,エコ アンド テック 京都,2016年4月、カップルでの旅行,ロケーションが良い！,https://www.tripadvisor.jp/ShowUserReviews-g298564-d1115224-r409112736-Eco_and_Tec_Kyoto-Kyoto_Kyoto_Prefecture_Kinki.html,姫路市,ヨシカワ, 広々としていて快適でした 
たまたま通りかかって中に入ると優しいスタッフの方が出迎えてくれました。ゲストハウスもされているにもかかわらず、クラフトビールもたくさん置いてて、美味しく楽しく飲めました！ また来たいと思います！,2018-06-08,2018-06-08 02:43:21,MOSAIC MACHIYA KSK,2017年6月、一人での旅行,素敵なスタッフと美味しいクラフトビール,https://www.tripadvisor.jp/ShowUserReviews-g298564-d10378795-r491632972-Mosaic_Machiya_KSK-Kyoto_Kyoto_Prefecture_Kinki.html,愛知県,shotaron2017, それぞれ特徴があるのでスタッフに相談。細やかに相談に乗ってくれました。 
急を要して 友人を介して探して予約してもらいました。上七軒の中、場所もわかりやすく、電話の応対も、現場の若いスタッフも  気持ちよく爽やか。丁寧に親切な対応を皆さんしてくださいました。英語での対応も見事。,2018-06-08,2018-06-08 02:43:21,MOSAIC MACHIYA KSK,2017年5月、一人での旅行,歴史ある花街  北野 上七軒 で  静かで プチ優雅な 京都。,https://www.tripadvisor.jp/ShowUserReviews-g298564-d10378795-r486679076-Mosaic_Machiya_KSK-Kyoto_Kyoto_Prefecture_Kinki.html,愛知県,Akiko O, それぞれ特徴があるのでスタッフに相談。細やかに相談に乗ってくれました。 
京都での宿泊はウェスティンがほとんどなのですが、たまには他のホテルも…と思い、以前から気になっていたので初めて利用しました。,2018-06-08,2018-06-08 02:43:21,ホテルモントレ京都,2018年4月、家族旅行,綺麗でデザインは良いが、シャワー温度不安定、下水の臭いが…,https://www.tripadvisor.jp/ShowUserReviews-g298564-d634599-r572827856-Hotel_Monterey_Kyoto-Kyoto_Kyoto_Prefecture_Kinki.html,神奈川県,ソレイユ822,
家族での京都旅行で、デラックスコーナーツインに宿泊しました。,2018-06-08,2018-06-08 02:43:21,ホテルモントレ京都,2018年4月、家族旅行,心地よく滞在できました,https://www.tripadvisor.jp/ShowUserReviews-g298564-d634599-r572126249-Hotel_Monterey_Kyoto-Kyoto_Kyoto_Prefecture_Kinki.html,Fukuoka,dai3smile,
同価格帯のホテルと比べて、高級感があり,2018-06-08,2018-06-08 02:43:21,ホテルモントレ京都,2018年4月、家族旅行,綺麗で新しいホテル,https://www.tripadvisor.jp/ShowUserReviews-g298564-d634599-r575057692-Hotel_Monterey_Kyoto-Kyoto_Kyoto_Prefecture_Kinki.html,"Hiroshima-shi, Hiroshima, Japan",大輔 武,
客室は12階の女性専用ルームで万全のセキュリティ完備。,2018-06-08,2018-06-08 02:43:21,ホテルモントレ京都,2017年11月、友達との旅行,都心の天然スパ付き素敵なホテル,https://www.tripadvisor.jp/ShowUserReviews-g298564-d634599-r539609065-Hotel_Monterey_Kyoto-Kyoto_Kyoto_Prefecture_Kinki.html,"宝塚市, 兵庫県",咲く花あきちゃん, 烏丸通りに面していない側が静かです。高層階の方が見晴らしが良いと思います。 
京都の市内中心部に位置し立地環境は抜群。地下鉄東西線の京都市役所前駅から徒歩5分程度。バスの路線も多く、観光には便利。食事も近隣に店舗多く困ることはない。コンビニからは、ちょっと距離があるため注意。室内は標準よりは広く、荷物を広げても苦にはならない。トイレとお風呂が離れているため日本人が使用するには快適。お風呂は、地下に大浴場があり、宿泊者が外国の方が多いのか空いていて快適に利用できた。従業員の接客態度は、非常に明るくてきぱきしており好印象。難点を上げると、まず駐車場は、タワーパーキングがホテルの玄関横にあるが、係員がいないので到着時にフロントにお願いする必要アリ。扱いがわかりづらい。駐車時間も15時から翌朝11時までなのでできれば郊外に駐車して市内に公共交通機関を利用して入りたい。あと部屋につて、今回Expediaでスタンダード ツインルームを予約したが、案内されたのは、ツインルームガーデンビューだった。ホテルの対応は、きっとランクアップ対応だったのだろう。ただ、ツインルームガーデンビュは、地下1階にあり坪庭はあるが、ホテル自慢の鴨川ビューどころか、外が見えず昼間も薄暗い。当然、朝も天気がいいのかどうかさえ分からない。ビジネスでの宿泊ならこれでもいいかと思うが、観光には適さないと感じた。地下のフロアーで韓国の家族の方を見かけたが、印象はどうだったのだろう。せっかくなら鴨川が見える部屋を案内されたい。ホテルの対応は申し分ないが、ツインルームガーデンビューちょっと観光には適しません。,2018-06-08,2018-06-08 02:43:21,ソラリア西鉄ホテル京都プレミア三条鴨川,2018年2月、カップルでの旅行,大浴場がある立地抜群の快適なホテル,https://www.tripadvisor.jp/ShowUserReviews-g298564-d12225052-r559686095-Solaria_Nishitetsu_Hotel_Kyoto_Premier_Sanjo_Kamogawa-Kyoto_Kyoto_Prefecture_Ki.html,三重県,嘉一 田, 鴨川ビューの部屋を指定する（必須）。ガーデンビューツインは、地下1階で眺望なしのため観光には適しません。 
JRとセットになったお得プランでお邪魔しました。,2018-06-08,2018-06-08 02:43:22,ホテルモントレ京都,2018年4月、家族旅行,英国調の気品高いロビー・ヨーロッパに旅しているような,https://www.tripadvisor.jp/ShowUserReviews-g298564-d634599-r585683227-Hotel_Monterey_Kyoto-Kyoto_Kyoto_Prefecture_Kinki.html,"下高井郡, 長野県",凛ちゃん2014,
西鉄系列は他の地域で利用していましたが、初めての京都での利用です。,2018-06-08,2018-06-08 02:43:22,ソラリア西鉄ホテル京都プレミア三条鴨川,2018年2月、カップルでの旅行,清潔で便利,https://www.tripadvisor.jp/ShowUserReviews-g298564-d12225052-r559692545-Solaria_Nishitetsu_Hotel_Kyoto_Premier_Sanjo_Kamogawa-Kyoto_Kyoto_Prefecture_Ki.html,三重県,Sayakahu, 鴨川ビューの部屋を指定する（必須）。ガーデンビューツインは、地下1階で眺望なしのため観光には適しません。 
11月の終わりに子供たちからのプレゼントで思いがけずこのホテルに泊まることになりました。ちょうど紅葉が綺麗な時期でした。,2018-06-08,2018-06-08 02:43:22,ソラリア西鉄ホテル京都プレミア三条鴨川,2017年11月、カップルでの旅行,静かでとても便利なホテル,https://www.tripadvisor.jp/ShowUserReviews-g298564-d12225052-r560523522-Solaria_Nishitetsu_Hotel_Kyoto_Premier_Sanjo_Kamogawa-Kyoto_Kyoto_Prefecture_Ki.html,三重県,Masakazu H, 鴨川ビューの部屋を指定する（必須）。ガーデンビューツインは、地下1階で眺望なしのため観光には適しません。 
初めて使いました。,2018-06-08,2018-06-08 02:43:22,ソラリア西鉄ホテル京都プレミア三条鴨川,2017年11月、カップルでの旅行,良いホテルですが…,https://www.tripadvisor.jp/ShowUserReviews-g298564-d12225052-r583003177-Solaria_Nishitetsu_Hotel_Kyoto_Premier_Sanjo_Kamogawa-Kyoto_Kyoto_Prefecture_Ki.html,"上海, 中国",NKSZ, 鴨川ビューの部屋を指定する（必須）。ガーデンビューツインは、地下1階で眺望なしのため観光には適しません。 
成人してる娘と家族3人で宿泊。,2018-06-08,2018-06-08 02:43:22,ソラリア西鉄ホテル京都プレミア三条鴨川,2018年1月、家族旅行,久しぶりにいいホテルでした,https://www.tripadvisor.jp/ShowUserReviews-g298564-d12225052-r553482502-Solaria_Nishitetsu_Hotel_Kyoto_Premier_Sanjo_Kamogawa-Kyoto_Kyoto_Prefecture_Ki.html,関東地方,やまと丸, 鴨川側を取れたら取った方が良いと思います。 
朝食は和食系も美味しいが、洋食系が特に充実。サラダ類、パンは種類も多くいずれも絶品。フレンチトーストだけでも3種類ある。ケーキ、スヌージーも種類が豊富。,2018-06-08,2018-06-08 02:43:22,サクラテラス ザ・ギャラリー,2018年3月、出張としての旅行,朝食が美味しい,https://www.tripadvisor.jp/ShowUserReviews-g298564-d7654587-r567566897-Sakura_Terrace_The_Gallery-Kyoto_Kyoto_Prefecture_Kinki.html,"東京23区, 東京都",Mrletitbe, ネットで早めに予約する。 
京都出張で利用させていただきました。,2018-06-08,2018-06-08 02:43:22,サクラテラス ザ・ギャラリー,2018年3月、一人での旅行,暮らすように過ごすカジュアルマンション(^^),https://www.tripadvisor.jp/ShowUserReviews-g298564-d7654587-r568190878-Sakura_Terrace_The_Gallery-Kyoto_Kyoto_Prefecture_Kinki.html,"東京23区, 東京都",tomoek33, ネットで早めに予約する。 
雨の日だったので吹き抜けのロビーは少し寒々しく感じましたが、お部屋は綺麗で広さもありとても快適でした。大浴場へ道を渡って移動が面白かったです。,2018-06-08,2018-06-08 02:43:22,サクラテラス ザ・ギャラリー,2018年3月、家族旅行,ここは京都？な素敵なホテル。,https://www.tripadvisor.jp/ShowUserReviews-g298564-d7654587-r567567343-Sakura_Terrace_The_Gallery-Kyoto_Kyoto_Prefecture_Kinki.html,"東京23区, 東京都",nishinor, ネットで早めに予約する。 
駅近、雰囲気は海外♪,2018-06-08,2018-06-08 02:43:22,サクラテラス ザ・ギャラリー,2018年2月、カップルでの旅行,オシャレホテル,https://www.tripadvisor.jp/ShowUserReviews-g298564-d7654587-r572797303-Sakura_Terrace_The_Gallery-Kyoto_Kyoto_Prefecture_Kinki.html,"東京23区, 東京都",masataka t, ネットで早めに予約する。 
京都駅から近く、とても、値段も安く快適でした。JAFカードがあれば、更に値引きがあって、お得感あり(わずかですけど),2018-06-08,2018-06-08 02:43:22,Kyoto Hana Hostel -京都花宿-,2016年1月、友達との旅行,コ・ス・パ、よし！,https://www.tripadvisor.jp/ShowUserReviews-g298564-d1872323-r337138454-Kyoto_Hana_Hostel-Kyoto_Kyoto_Prefecture_Kinki.html,osaka,Satoshi Y, Please be informed that Hana Hostel does not have an elevator. 
京都駅からも近くスタイリッシュなホテルです。ウエルカムドリンク・フリードリンクカフェはとても良いです。レストランバーのメニューの価格にはお安くて驚きです。美味しかったです。朝食はスムージー・スープ・フレッシュサラダ・パンと洋食メニューは豊富でしたが、毎朝おかゆと梅干しは欠かせない夫には食べるものが少なかったようです。気になったのが、お部屋に入るときの敷居の段差です。普通のホテルでは段差はないので危ないと思いました。お部屋のクッションの匂いが気になりました。,2018-06-08,2018-06-08 02:43:22,サクラテラス ザ・ギャラリー,2018年2月、カップルでの旅行,今までにない感じのホテル～,https://www.tripadvisor.jp/ShowUserReviews-g298564-d7654587-r583881605-Sakura_Terrace_The_Gallery-Kyoto_Kyoto_Prefecture_Kinki.html,"福島市, 福島県",赤い靴はいた女の子, ネットで早めに予約する。 
独りで京都を訪れる時には、まずこちらをあたります。,2018-06-08,2018-06-08 02:43:22,Kyoto Hana Hostel -京都花宿-,2016年1月、友達との旅行,利便性がよく、清潔感もあり素晴らしい,https://www.tripadvisor.jp/ShowUserReviews-g298564-d1872323-r341602894-Kyoto_Hana_Hostel-Kyoto_Kyoto_Prefecture_Kinki.html,"さいたま市, 埼玉県",modena300k, Please be informed that Hana Hostel does not have an elevator. 
人生初の京都旅行で、スタッフの対応は丁寧で温かいでした。,2018-06-08,2018-06-08 02:43:22,カオサン京都ゲストハウス,2017年5月、友達との旅行,ゲストハウスエレベーターあるの有難い,https://www.tripadvisor.jp/ShowUserReviews-g298564-d1967550-r569288721-Khaosan_Kyoto_Guesthouse-Kyoto_Kyoto_Prefecture_Kinki.html,神奈川県,季恒 呂,
安いのにとてもきれいな部屋でした。イレギュラーなこともあったんですがスタッフのかたのホスピタリティもすばらしくてよかったです！,2018-06-08,2018-06-08 02:43:23,Kyoto Hana Hostel -京都花宿-,2018年1月、一人での旅行,リーズナブルできれい,https://www.tripadvisor.jp/ShowUserReviews-g298564-d1872323-r551864237-Kyoto_Hana_Hostel-Kyoto_Kyoto_Prefecture_Kinki.html,"東京23区, 東京都",Ryo K,
京都駅から徒歩数分で付近にはコンビニやバーもあります。とはいえ大通りから一歩入った立地ゆえ閑静な下町の雰囲気が色濃く残っています。安価なドミトリーですがトイレやシャワーが多く用意されているのも◎,2018-06-08,2018-06-08 02:43:23,Kyoto Hana Hostel -京都花宿-,2016年1月、友達との旅行,往年の雰囲気を低価格で,https://www.tripadvisor.jp/ShowUserReviews-g298564-d1872323-r490535308-Kyoto_Hana_Hostel-Kyoto_Kyoto_Prefecture_Kinki.html,"東京23区, 東京都",maimai835,
初のちょい泊まり,2018-06-08,2018-06-08 02:43:23,Kyoto Hana Hostel -京都花宿-,2017年11月,ちょい泊まり0,https://www.tripadvisor.jp/ShowUserReviews-g298564-d1872323-r561352025-Kyoto_Hana_Hostel-Kyoto_Kyoto_Prefecture_Kinki.html,大阪府,なおかん,
平日、シングル素泊まり5000円程度で宿泊。館内はアート作品であふれていて、お部屋のなかにも素敵なパネルが飾られていました。アクセスは抜群とは言えませんが、とても静かで落ち着いて滞在できました。また機会があれば利用したいと思います。アメニティのボディーソープの香りが好みで、チェックアウト時にグッズ売り場にあったボトルを購入しました。,2018-06-08,2018-06-08 02:43:23,ホテルアンテルーム京都,2018年2月、一人での旅行,アートを楽しめるホテル,https://www.tripadvisor.jp/ShowUserReviews-g298564-d2168940-r565199131-Hotel_Anteroom_Kyoto-Kyoto_Kyoto_Prefecture_Kinki.html,"東京23区, 東京都",oageee0123,
外観がすこしデザイナーズホテルっぽかったです。,2018-06-08,2018-06-08 02:43:23,ホテルアンテルーム京都,2018年2月、一人での旅行,外観がすこしデザイナーズホテルっぽかったです。,https://www.tripadvisor.jp/ShowUserReviews-g298564-d2168940-r569219065-Hotel_Anteroom_Kyoto-Kyoto_Kyoto_Prefecture_Kinki.html,"東京23区, 東京都",macky005,
３／３１に宿泊しました。今年は桜の開花が早かったため、直前にあわてて探したので、宿の情報とかよく見ずに、値段と場所だけチェックして、ネットでポチッと予約したので、宿に入って案内を見て初めて、元は学生寮だったと知りました。外出時に建物の外観を見たら、たしかに学生寮っぽかったです。館内だけでなく、部屋にもアートが飾られていたり、一風変わったホテルです。,2018-06-08,2018-06-08 02:43:23,ホテルアンテルーム京都,2018年2月、一人での旅行,元は学生寮だったホテル,https://www.tripadvisor.jp/ShowUserReviews-g298564-d2168940-r570441479-Hotel_Anteroom_Kyoto-Kyoto_Kyoto_Prefecture_Kinki.html,"相模原市, 神奈川県",skiin89ba,
ギャラリーのあるアートホテルです。,2018-06-08,2018-06-08 02:43:23,ホテルアンテルーム京都,2018年3月、カップルでの旅行,アートなホテル,https://www.tripadvisor.jp/ShowUserReviews-g298564-d2168940-r571387566-Hotel_Anteroom_Kyoto-Kyoto_Kyoto_Prefecture_Kinki.html,埼玉県,hirostep,
４月の金曜日にシングルで一泊しました。仕事の都合で急に京都に泊まることになって、口コミの良さと値段の安さで決めたホテルです。京都駅の南にあるホテルの利用は初めてでした。行きは近鉄の十条駅から歩きました。近鉄の各駅停車は本数が少ないので、バスや地下鉄を利用するのが正解だと思います。帰りはそのまま伏見稲荷まで歩いて行きました。ホテルの近くにコンビニエンスストアはありますが、目立った観光地や食事をとるところ、買い物できる場所がないので、いろいろな用事は京都駅周辺で済ませて、ホテルは寝るだけにするにが良いと思います。,2018-06-08,2018-06-08 02:43:23,ホテルアンテルーム京都,2018年3月、カップルでの旅行,ビジネスホテルっぽくない個性的なホテル,https://www.tripadvisor.jp/ShowUserReviews-g298564-d2168940-r577612813-Hotel_Anteroom_Kyoto-Kyoto_Kyoto_Prefecture_Kinki.html,"川口市, 埼玉県",kazmi777, 高層階の方が見晴らしは良いと思う 
おもてなしが行き届いたお宿,2018-06-08,2018-06-08 02:43:23,緑風荘,2018年5月、家族旅行,GW京都旅行,https://www.tripadvisor.jp/ShowUserReviews-g298564-d1080601-r578778694-Ryokufuso-Kyoto_Kyoto_Prefecture_Kinki.html,"姫路市, 兵庫県",mg1500, アメニティをもう少し増やして頂けたら女性にも人気が出ると思いました。 
ゆったりした部屋に高級感のある家具。お安くは無いですがロケーションも良くプレミアム感もあり過ごしやすい宿でした。もう一度利用したいですね。コンセントの位置など細かな点で不便に感じる点もありましたので改善していただけたら最高ですね。,2018-06-08,2018-06-08 02:43:23,葵 Hotel Kyoto,2017年11月,プレミアム感とロケーション,https://www.tripadvisor.jp/ShowUserReviews-g298564-d8332785-r541469525-Aoi_Hotel_Kyoto-Kyoto_Kyoto_Prefecture_Kinki.html,北海道,leedragon1107,
妻と子供の３人で素泊まりではありましたが宿泊させて頂きました。,2018-06-08,2018-06-08 02:43:24,緑風荘,2018年5月、家族旅行,接客は非常に良かったです,https://www.tripadvisor.jp/ShowUserReviews-g298564-d1080601-r580953346-Ryokufuso-Kyoto_Kyoto_Prefecture_Kinki.html,"姫路市, 兵庫県",ffujit207625, 老朽している部分は修繕された方が良いように感じました。 
スタッフの方たちの接客は良く、料理もおいしくかつ満足な量でした。,2018-06-08,2018-06-08 02:43:24,緑風荘,2018年5月、家族旅行,部屋のトイレを広くしてください,https://www.tripadvisor.jp/ShowUserReviews-g298564-d1080601-r584905717-Ryokufuso-Kyoto_Kyoto_Prefecture_Kinki.html,"姫路市, 兵庫県",hasetm, 老朽している部分は修繕された方が良いように感じました。 
若いスタッフさんが多い印象です,2018-06-08,2018-06-08 02:43:24,緑風荘,2017年12月、カップルでの旅行,古さをカバーする清潔感があります,https://www.tripadvisor.jp/ShowUserReviews-g298564-d1080601-r548025853-Ryokufuso-Kyoto_Kyoto_Prefecture_Kinki.html,"東京23区, 東京都",いて, 部屋からトイレが下ばきを利用する所が不便かも。それ以外は気に成るものもありません。 
2016年秋に宿泊し、2回目の宿泊です。大人2人、宿泊＋朝食付きのプランでした。京都のど真ん中の立地であるので周囲のショッピングや食事場所に目移りします。朝食は贅沢なメニューなのですが、京都らしさはその中の湯豆腐！旅館の方曰く、「近くのお豆腐屋さん作成の、出来たて豆腐」を使用とのこと、とても贅沢です。リニューアルされて、さらに清潔になった和室に宿泊させていただきました。最寄りの駅は東西線の京都市役所前ですが、地下街のゼスト御池を歩いていたら、殺陣教室のイベントが開かれ、観光客の男性が刀を手に楽しそうでした。京都らしさを次々と発見できそうなお宿です。,2018-06-08,2018-06-08 02:43:24,NISHIYAMA RYOKAN,2018年4月、家族旅行,朝食の湯豆腐、じみじみ美味しいです,https://www.tripadvisor.jp/ShowUserReviews-g298564-d558353-r581325406-Nishiyama_Ryokan-Kyoto_Kyoto_Prefecture_Kinki.html,"神戸市, 兵庫県",yurikoitotky, エレベータが狭く遅いので、下層階の方が動きやすい印象です。 
市内のど真ん中にあり、観光にはベストの場所にあります。一階にはセブンイレブンがあるので、ちょっとした買い物にも便利でした。受付はは二階にあり、そこまで広くはないですがロビースペースもあります。,2018-06-08,2018-06-08 02:43:24,ホテルグレイスリー京都三条,2017年12月、カップルでの旅行,浴室が広いのがすごい,https://www.tripadvisor.jp/ShowUserReviews-g298564-d9837782-r552668454-Hotel_Gracery_Kyoto_Sanjo-Kyoto_Kyoto_Prefecture_Kinki.html,"町田市, 東京都",ishirock, お祭りの囃子が気になる人は高層階の方がいいかもしれません 
新京極通りや寺町通りが直ぐ近くで、観光にはもってこいの立地です。しかも１階にコンビニがあって、正面にはドラッグストアもあって何かと便利。このタイプのホテルにはめずらしく、お手洗いとお風呂が別になっているのがまたうれしい！洗面所は通路にあるのが不思議な感じですが、使い勝手は悪くないです。ドライヤーはもちろん、アイロンがあったり、ズボンプレッサーがあったりするので、ビジネスマンの方におすすめです。個人的には、バスキャップが欲しかった！用意しておけばよかったのですが気づくのが遅かった。この点だけが残念でした。,2018-06-08,2018-06-08 02:43:24,ホテルグレイスリー京都三条,2017年12月、カップルでの旅行,とにかく便利！,https://www.tripadvisor.jp/ShowUserReviews-g298564-d9837782-r553862979-Hotel_Gracery_Kyoto_Sanjo-Kyoto_Kyoto_Prefecture_Kinki.html,大阪府,ココベ-, お祭りの囃子が気になる人は高層階の方がいいかもしれません 
くつろげる雰囲気と、ゆき届いたサービスを提供していただきました。京都について何も知らない私にもとても親切に案内をしていただきました。朝ごはんも美味しく、家族も感激していました。ありがとうございました。,2018-06-08,2018-06-08 02:43:24,京の宿 しみず,,アットホームな旅館,https://www.tripadvisor.jp/ShowUserReviews-g298564-d608088-r147580531-Ryokan_Shimizu-Kyoto_Kyoto_Prefecture_Kinki.html,"Warsaw, Poland",uo127,
従業員のみなさんが、とても親切で気持ちが良く、温かい旅館でした。,2018-06-08,2018-06-08 02:43:24,京の宿 しみず,,ホッとする旅館,https://www.tripadvisor.jp/ShowUserReviews-g298564-d608088-r157586798-Ryokan_Shimizu-Kyoto_Kyoto_Prefecture_Kinki.html,茨城,マンプリ,
ホテル直で予約させて頂いたのですが、少々変わっていて、事前にデポジットが必要でした。宿泊日までに代金の半額を銀行振込しなければなりません（当日、クレジット払いも不可）。部屋は普通の和室でしたが、静かで快適に寝られました。朝食も京都らしい和定食で、美味しかったです。パーキングは有料で事前予約要でした。,2018-06-08,2018-06-08 02:43:24,京の宿 しみず,,割合新しい旅館でした。,https://www.tripadvisor.jp/ShowUserReviews-g298564-d608088-r148579171-Ryokan_Shimizu-Kyoto_Kyoto_Prefecture_Kinki.html,"金沢市, 石川県",マンプリ,
✳︎ホテルグレイスリー京都三条,2018-06-08,2018-06-08 02:43:24,ホテルグレイスリー京都三条,2018年3月、カップルでの旅行,国際色豊かでとてもきれいなホテル★,https://www.tripadvisor.jp/ShowUserReviews-g298564-d9837782-r572085863-Hotel_Gracery_Kyoto_Sanjo-Kyoto_Kyoto_Prefecture_Kinki.html,"東京23区, 東京都",choco-peach, お祭りの囃子が気になる人は高層階の方がいいかもしれません 
京都駅から歩いて5分～10分以内で到着します。,2018-06-08,2018-06-08 02:43:24,京の宿 しみず,2012年10月、一人での旅行,京都駅から歩いて行けるのが良い。,https://www.tripadvisor.jp/ShowUserReviews-g298564-d608088-r170053332-Ryokan_Shimizu-Kyoto_Kyoto_Prefecture_Kinki.html,TOKYO,コステロス,
"ソフト面は変わらず良いホテルでしたが、他のクチコミにも多くあるようにハードは痛々しく、インテリアは古臭く、改装した他の競合ホテルや、次々にオープンする新しいホテルのスピードについて行けず、お値段以外は取り残されているように感じた。

プリンセス京都ホテル時代から利用していますが、ホテルの立地も従業員さんのサービスも広い洗い場のついた大きなお風呂も、そのお風呂は天然水のお水で肌がすべすべになるのも、仏光寺側のお部屋からの眺望も清水寺まで見渡せ、相変わらず良いホテルなんです。
でも古臭いのが残念です。

お部屋の窓際の眺望地図や、お風呂の中腰にならなくて良い椅子なんかは、細かいところに配慮するプリンセス京都さんらしくてさすがと思うんですが。。。

ホテルの規模も150-200室規模のホテルが私達は好きで合っているので、多くはないですけど、毎年利用させていただいています。

旅行の目的により京都の他のホテルも利用しているせいか、目が肥えてきてしまったのか、同価格帯の他のホテルやプリンセス京都さんより安いホテルが、ここ2-3年で改装したり、進化していて、新たな快適な良いホテルも多く出来たせいもあり、それに比べるとプリンセス京都さんは現状維持という感じでなんです。

でも価格は年々高くなっていているのに、古さが目立って来ています。

対照的に、改装しスタイリッシュになったセンチュリーホテルやリーガロイヤルホテル、ブライトンホテル、オークラや大浴場や温泉がある新しくできたホテルに比べると対価に見合わなくなって来ている感が否めません。

特にお部屋のカーペットのデザインは、20世紀の代物に感じてしまいました。
辛口になってしまいま...",2018-06-08,2018-06-08 02:43:24,ホテル日航プリンセス京都,2018年4月、家族旅行,良いホテルでしたが、現状維持だと後退、古くても大丈夫な人なら良いかもです,https://www.tripadvisor.jp/ShowUserReviews-g298564-d307652-r580558449-Hotel_Nikko_Princess_Kyoto-Kyoto_Kyoto_Prefecture_Kinki.html,"広島市, 広島県",キラキラゆめぴかり, スーペリアルームは眺望は良くなかったです。 
会員で、何度も利用させて頂いていますが、今回は連泊でしたが当初ネットで連泊プランの予約が取れませんでした。宿泊当日フロントで１日目のお部屋が２日目も空いているので、差額分プラスさらに２０００円ＵＰでいかがでしょうか。とのことでした。以前だったらＵＰ料金無しでの案内をして頂けたような、、、。まあ、格安プランだから仕方がないですね。,2018-06-08,2018-06-08 02:43:24,ホテル日航プリンセス京都,2018年3月,ちょっと残念,https://www.tripadvisor.jp/ShowUserReviews-g298564-d307652-r578738177-Hotel_Nikko_Princess_Kyoto-Kyoto_Kyoto_Prefecture_Kinki.html,"広島市, 広島県",マダムウ, スーペリアルームは眺望は良くなかったです。 
夫婦で一泊させていただきました。,2018-06-08,2018-06-08 02:43:25,ホテル日航プリンセス京都,2018年5月、カップルでの旅行,また利用したい,https://www.tripadvisor.jp/ShowUserReviews-g298564-d307652-r582732358-Hotel_Nikko_Princess_Kyoto-Kyoto_Kyoto_Prefecture_Kinki.html,"市川市, 千葉県",yt27, スーペリアルームは眺望は良くなかったです。 
何回か、京都に来ていて、他のホテルにも宿泊したことがありますが、やはりここが、一番対応もよく、色々と分からないこと聞いても、いつも笑顔で話してくれるので、気分がいいです。,2018-06-08,2018-06-08 02:43:25,ホテル日航プリンセス京都,2018年5月、カップルでの旅行,京都家族旅行,https://www.tripadvisor.jp/ShowUserReviews-g298564-d307652-r583355424-Hotel_Nikko_Princess_Kyoto-Kyoto_Kyoto_Prefecture_Kinki.html,"川崎市, 神奈川県",こうちゃん0115, スーペリアルームは眺望は良くなかったです。 
利便性を求めるなら良いホテルです。,2018-06-08,2018-06-08 02:43:25,ホテルグレイスリー京都三条,2018年3月、家族旅行,良いホテルです,https://www.tripadvisor.jp/ShowUserReviews-g298564-d9837782-r580419468-Hotel_Gracery_Kyoto_Sanjo-Kyoto_Kyoto_Prefecture_Kinki.html,"東京23区, 東京都",Fuji M, お祭りの囃子が気になる人は高層階の方がいいかもしれません 
９月の連休に、２泊素泊まりでお世話になりました。,2018-06-08,2018-06-08 02:43:25,京の宿 しみず,2012年10月、一人での旅行,笑顔の素敵なスタッフとビリケンさんに癒されます！,https://www.tripadvisor.jp/ShowUserReviews-g298564-d608088-r179183482-Ryokan_Shimizu-Kyoto_Kyoto_Prefecture_Kinki.html,東京,コステロス,
初めての利用でしたが、四条烏丸に近く、乗り物に、食事に、いろいろ便利でした。,2018-06-08,2018-06-08 02:43:25,ホテル日航プリンセス京都,2018年5月、カップルでの旅行,旅の疲れを癒せました,https://www.tripadvisor.jp/ShowUserReviews-g298564-d307652-r585460081-Hotel_Nikko_Princess_Kyoto-Kyoto_Kyoto_Prefecture_Kinki.html,"市川市, 千葉県",わたる823, エスプレッソ・コーヒー、ありがとうございました。京都のおいしい水もあって、うまかったです。 
シンガポール人のご主人と日本人の奥さんが経営する清水寺近くのこじんまりとしたゲストハウスです。学校説明会のため親子３人で古い方の和室に宿泊しました。室内は狭くて簡素ですが、布団やタオルは清潔でお茶の用意もありました。共用のシャワー室や洗面台は新しくて清潔にしています。若い中国人女性や欧米人男性のバックパッカーなどが多く、私たち以外は外国人でした。原則、11時以降は人の出入りがなく、夜は皆さんマナーを守って静かに部屋で過ごしていたようです。朝食は、１階の共用スペースにて、トースト、スクランブルエッグ、ベーコン、ウインナー、シリアル、ヨーグルト、グリーンサラダ、ミルク、コーヒー、オレンジジュースなどで、ひとり500円でセルフサービスでした。奥さんが心配りをされる方です。夏休みの土曜でしたが、3人で1万円以下の宿泊代でした。全体的にスペースが狭いのですが、それを気にしなければ安くて味のある宿に泊まってみたい方には日本人にもぜひお薦めします。次は新しい方のロフトのような部屋にも宿泊してみたいな。私は好きでした。,2018-06-08,2018-06-08 02:43:25,ゲストハウス ソイ,2018年4月、友達との旅行,男性はもちろん女性グループや家族連れにも、安くて清潔なゲストハウス,https://www.tripadvisor.jp/ShowUserReviews-g298564-d7033603-r396633561-Guesthouse_Soi-Kyoto_Kyoto_Prefecture_Kinki.html,"福岡市, 福岡県",cf-blue, この料金で平日は格安。古い方は防音はありませんが特に気になりませんでした。 
親子３人でシャワートイレ付きのロフトのお部屋に泊まりました。４歳の娘がこじんまりとして落ち着けたのかここに住みたいと言い出しました（笑）部屋は小さくまとまっていてエアコンも上下に1つずつ設置があり、夏上だけがあついということもなく上下ともに快適に熟睡できました。,2018-06-08,2018-06-08 02:43:25,ゲストハウス ソイ,2018年4月、友達との旅行,娘も気に入ったようで,https://www.tripadvisor.jp/ShowUserReviews-g298564-d7033603-r410316978-Guesthouse_Soi-Kyoto_Kyoto_Prefecture_Kinki.html,日本,s0ra24, この料金で平日は格安。古い方は防音はありませんが特に気になりませんでした。 
大人二人用、共同シャワーの部屋を予約しました。清水寺の近くに位置し、いろんなところに行くのに適した立地です。近くにコンビニもありますし、調理器具も備わっているのでお金をかけずに観光したい方にはおすすめです。ですが部屋がせまく、においがこもってしまう点が難点です。,2018-06-08,2018-06-08 02:43:25,ゲストハウス ソイ,2018年4月、友達との旅行,バックパッカーにおすすめ,https://www.tripadvisor.jp/ShowUserReviews-g298564-d7033603-r363523661-Guesthouse_Soi-Kyoto_Kyoto_Prefecture_Kinki.html,"つくば市, 茨城県",660omr," suitable for those looking for budget dorm beds, single rooms, more premium rooms and yet at affordable rates and suitable for families. "
ゲストハウスに泊まりました。,2018-06-08,2018-06-08 02:43:25,ゲストハウス ソイ,2017年4月、家族旅行,初めて,https://www.tripadvisor.jp/ShowUserReviews-g298564-d7033603-r479119070-Guesthouse_Soi-Kyoto_Kyoto_Prefecture_Kinki.html,日本,to s, この料金で平日は格安。古い方は防音はありませんが特に気になりませんでした。 
京都マラソンに参加するために1泊だけでしたが滞在しました。,2018-06-08,2018-06-08 02:43:25,ゲストハウス ソイ,2017年4月、家族旅行,非常にサービスのいいゲストハウス,https://www.tripadvisor.jp/ShowUserReviews-g298564-d7033603-r561601228-Guesthouse_Soi-Kyoto_Kyoto_Prefecture_Kinki.html,日本,mimizuku1458, この料金で平日は格安。古い方は防音はありませんが特に気になりませんでした。 
京都観光で2泊利用させて頂きました★,2018-06-08,2018-06-08 02:43:25,FUJITAYA BnB,2018年5月、友達との旅行,日本の観光客にもオススメ！,https://www.tripadvisor.jp/ShowUserReviews-g298564-d12173529-r579790469-FUJITAYA_BnB-Kyoto_Kyoto_Prefecture_Kinki.html,"札幌市, 北海道",Shiorinrin,
夕食はバイキングでした。,2018-06-08,2018-06-08 02:43:25,リーガロイヤルホテル京都,2018年5月、家族旅行,食事が不味すぎる,https://www.tripadvisor.jp/ShowUserReviews-g298564-d307683-r580098177-RIHGA_Royal_Hotel_Kyoto-Kyoto_Kyoto_Prefecture_Kinki.html,関東地方,ひさ子 羽,
フロントやレストランのスタッフはやる気満々の笑顔で良かったのですが、、、、。,2018-06-08,2018-06-08 02:43:25,リーガロイヤルホテル京都,2018年5月、家族旅行,リフォームに問題,https://www.tripadvisor.jp/ShowUserReviews-g298564-d307683-r580749589-RIHGA_Royal_Hotel_Kyoto-Kyoto_Kyoto_Prefecture_Kinki.html,関東地方,山海人,
駅から歩いて7分〜8分位と近く、夕食や交通の便利さから、最近の京都観光の常宿とさせてもらっています。,2018-06-08,2018-06-08 02:43:25,リーガロイヤルホテル京都,2017年11月、家族旅行,紅葉の季節に,https://www.tripadvisor.jp/ShowUserReviews-g298564-d307683-r581321606-RIHGA_Royal_Hotel_Kyoto-Kyoto_Kyoto_Prefecture_Kinki.html,関東地方,克佳 谷,
改装後１周年でとても綺麗です。,2018-06-08,2018-06-08 02:43:26,リーガロイヤルホテル京都,2017年8月、友達との旅行,綺麗！駐車場無料！比較的リーズナブル！,https://www.tripadvisor.jp/ShowUserReviews-g298564-d307683-r523122127-RIHGA_Royal_Hotel_Kyoto-Kyoto_Kyoto_Prefecture_Kinki.html,OSAKA,AXA-GGT,
数年前にリニューアルされたとの事で、とても綺麗なホテルでした。,2018-06-08,2018-06-08 02:43:26,京都東急ホテル,2018年3月、家族旅行,和を感じられるホテル,https://www.tripadvisor.jp/ShowUserReviews-g298564-d301925-r574261088-Kyoto_Tokyu_Hotel-Kyoto_Kyoto_Prefecture_Kinki.html,"武漢, 中国",俊之 湯, シーズンオフに泊まると良い部屋にしてくれるかも 
西本願寺の北側にあるホテル。このため、京都駅からはやや離れ、五条駅までは徒歩約10分と、鉄道利用では不便さを感じるが、京都駅八条口までのシャトルバスが 15分間隔で出ているので、これをうまく利用すれば問題はないだろう。むしろこの利便性の問題からか、京都の名のあるホテルにもかかわらず、トップシーズンでも部屋が空いていることがあり、客室も同一料金ならば他のホテルよりも広く、料金設定も他のホテルよりも良心的で、連泊の割引もある。客室のグレードアップの割合も高く、スタッフの対応もとてもよい。内装がリニューアルされて綺麗になったが、ホテルじたいは古いため、隣室の物音が気になるときもあるかもしれない。しかしこれは他のホテルでも同じである。ただ、バスルームのシンクが浅く、ここはとても使いにくい。トイレの流すレバーの位置も使いにくいので、このあたりは次回の内装時に検討してもらいたい。また、ズボンプレッサーがこのクラスのホテルにしては珍しく部屋にない。頼めば持ってきてくれるが、やはりはじめからあると便利である。またツインの部屋なのに、背もたれのあるイスが一脚というのも使いにくい。なお、最近無料のスマホが部屋にあるホテルが増えてきたが、常時画面が点灯しているため、就寝時にはずして裏返しにしないと明るすぎる。不要な人間にはかえって邪魔なので、せめて画面を消せるようにしてほしい。なお、ホテル内に自販機がないので、ドリンク類が必要ならばあらかじめ購入しておくこと。冷蔵庫のなかに、お〜いお茶があるが、500mlがなんと350円もする。このあたりはひと昔前のホテルのやりかたであり、改めるべきだろう。京都の和菓子やケーキを買ってくるかたも多いだろう...,2018-06-08,2018-06-08 02:43:26,京都東急ホテル,2018年4月、家族旅行,京都旅行にお薦め,https://www.tripadvisor.jp/ShowUserReviews-g298564-d301925-r577267770-Kyoto_Tokyu_Hotel-Kyoto_Kyoto_Prefecture_Kinki.html,"武漢, 中国",Makoto T,
季節ごとに京都を訪問していますが、今回初めて京都東急ホテルを利用させていただきました。予約していたスタンダードの部屋をアップグレードしていただきありがとうございました。ドアマン、フロント、コンシェルジュ、レストラン各担当者のプライドを感じ接遇もすばらしく感激しました。次の訪問は１１月の紅葉の時期になりますが、また利用させていただきます。その節はよろしくお願いします。,2018-06-08,2018-06-08 02:43:26,京都東急ホテル,2018年4月、家族旅行,品が感じられるホテル,https://www.tripadvisor.jp/ShowUserReviews-g298564-d301925-r579759474-Kyoto_Tokyu_Hotel-Kyoto_Kyoto_Prefecture_Kinki.html,神奈川県,よっちゃんぱぱ,
アップグレードして、リノベーション済みの最上階の部屋に宿泊しました。,2018-06-08,2018-06-08 02:43:26,京都東急ホテル,2018年4月、家族旅行,最上階,https://www.tripadvisor.jp/ShowUserReviews-g298564-d301925-r581565974-Kyoto_Tokyu_Hotel-Kyoto_Kyoto_Prefecture_Kinki.html,"東京23区, 東京都",hokkoly,
一泊の料金が安いので少し疑っていましたが和を感じられるお宿でとても良かったです！！おかみさんがたも優しく明るい方でとても居心地が良かったです！！,2018-06-08,2018-06-08 02:43:26,十四春旅館,2018年3月、友達との旅行,綺麗で、和を感じられていいです！,https://www.tripadvisor.jp/ShowUserReviews-g298564-d1093305-r566559564-Toshiharu_Ryokan-Kyoto_Kyoto_Prefecture_Kinki.html,"新潟市, 新潟県",風流矢龍魔, 緑に囲まれた中庭近くの菊の間は眺めるだけで落ち着きます✨ 
和の趣と、温かみのある旅館でほっこりしました。女将さんがとても素敵な方で癒されます。朝ごはんも滋味深くとても美味しかったです。次は母親を連れていきたいです。,2018-06-08,2018-06-08 02:43:26,十四春旅館,2018年3月、友達との旅行,温かみのある素敵な旅館,https://www.tripadvisor.jp/ShowUserReviews-g298564-d1093305-r568549340-Toshiharu_Ryokan-Kyoto_Kyoto_Prefecture_Kinki.html,"中央区, 東京都",ayako0850, 緑に囲まれた中庭近くの菊の間は眺めるだけで落ち着きます✨ 
泊まった日が雨で少し肌寒かったのですが、,2018-06-08,2018-06-08 02:43:26,十四春旅館,2018年3月、友達との旅行,至れり尽くせりでした！,https://www.tripadvisor.jp/ShowUserReviews-g298564-d1093305-r569057020-Toshiharu_Ryokan-Kyoto_Kyoto_Prefecture_Kinki.html,"和歌山市, 和歌山県",haruriry0703, 緑に囲まれた中庭近くの菊の間は眺めるだけで落ち着きます✨ 
スタッフの笑顔が最高です!。また、女将さんはじめスタッフ全員の心配りが、受け答えに感じられる素晴らしい旅館です。同窓会9名で利用させていただきましたが、全国から来た仲間も、旅館の場所は京都駅から10分以内で、分かりやすくて良かったと言っていました。また、朝食も炊き立てご飯や、品数の多さに感激していました。京都の黒豆を使った納豆もおいしかったです。,2018-06-08,2018-06-08 02:43:26,京の宿 北海館 お花坊,2015年11月、家族旅行,笑顔が最高!!,https://www.tripadvisor.jp/ShowUserReviews-g298564-d1092077-r424302197-Hokkaikan_Ohanabo-Kyoto_Kyoto_Prefecture_Kinki.html,"亀岡市, 京都府",nichidaiyukiwari, どの部屋も広くて、ゆっくりできます。 
一件小さな宿ですがそれは杞憂に終わりました。,2018-06-08,2018-06-08 02:43:26,京の宿 北海館 お花坊,2015年11月、家族旅行,京都らしさが醸しでていて魅了されます,https://www.tripadvisor.jp/ShowUserReviews-g298564-d1092077-r460660788-Hokkaikan_Ohanabo-Kyoto_Kyoto_Prefecture_Kinki.html,"亀岡市, 京都府",じゃんこっと, どの部屋も広くて、ゆっくりできます。 
登録有形文化財だけあり、数ある町屋旅館の中でもこれだけの佇まいは京都でも中々見つからない。,2018-06-08,2018-06-08 02:43:26,十四春旅館,2018年3月、一人での旅行,有形文化財登録された京町屋でゆったりと,https://www.tripadvisor.jp/ShowUserReviews-g298564-d1093305-r572809841-Toshiharu_Ryokan-Kyoto_Kyoto_Prefecture_Kinki.html,"和歌山市, 和歌山県",無門,
女将さんが何かと気を回してくださり、ゆっくり寛ぐことができました。,2018-06-08,2018-06-08 02:43:26,十四春旅館,2018年3月、友達との旅行,風情ある旅館。,https://www.tripadvisor.jp/ShowUserReviews-g298564-d1093305-r568547056-Toshiharu_Ryokan-Kyoto_Kyoto_Prefecture_Kinki.html,"新潟市, 新潟県",あちゃぴ, 緑に囲まれた中庭近くの菊の間は眺めるだけで落ち着きます✨ 
3歳児わんぱく坊主と5か月の娘と4人で、2月の連休に宿泊しました。,2018-06-08,2018-06-08 02:43:27,祇園畑中,2018年1月、カップルでの旅行,また行きたいです。,https://www.tripadvisor.jp/ShowUserReviews-g298564-d1071044-r563068925-Gion_Hatanaka-Kyoto_Kyoto_Prefecture_Kinki.html,"台東区, 東京都",KKERKD, 4階に泊まりましたが、八坂神社がよく見えました。目の前に大イチョウがありました。 
正月明けでしたが正月気分は残っており雰囲気は最高でした。清水へ続く産寧坂を気分上々です。何度来てもいいですね。祇園にも近く最高に便利な環境です。,2018-06-08,2018-06-08 02:43:27,祇園畑中,2018年1月、カップルでの旅行,正月明けが絶好です,https://www.tripadvisor.jp/ShowUserReviews-g298564-d1071044-r554115825-Gion_Hatanaka-Kyoto_Kyoto_Prefecture_Kinki.html,関東,yuichirom80,
立地がよく、混雑をさけ早朝、夜の東山観光に便利。料理は美味しく量も十分。部屋に風呂もあるが大浴場があるのも良い。仲居さんのサービスもあり京旅館の風情を満喫できた。,2018-06-08,2018-06-08 02:43:27,祇園畑中,2018年4月、カップルでの旅行,満足の宿,https://www.tripadvisor.jp/ShowUserReviews-g298564-d1071044-r577749431-Gion_Hatanaka-Kyoto_Kyoto_Prefecture_Kinki.html,"大分市, 大分県",leo868, 離れのスタンダード客室で眺望はないが静かでくつろげたが、空室があれば眺望のあるデッラクッス客室の方がより良いと思われる。 
雰囲気、料理、接客、すべてにおいて自分にはマッチして、非常に良い滞在でした。,2018-06-08,2018-06-08 02:43:27,祇園畑中,2017年9月、カップルでの旅行,非常に良かった,https://www.tripadvisor.jp/ShowUserReviews-g298564-d1071044-r522138926-Gion_Hatanaka-Kyoto_Kyoto_Prefecture_Kinki.html,Osaka,nasunobi, エアコンの調整が不安定 
やっぱり老舗といえば京都ですね。,2018-06-08,2018-06-08 02:43:27,京の宿 北海館 お花坊,2015年11月、家族旅行,京都の格式は心地いいですね～,https://www.tripadvisor.jp/ShowUserReviews-g298564-d1092077-r473770287-Hokkaikan_Ohanabo-Kyoto_Kyoto_Prefecture_Kinki.html,"亀岡市, 京都府",江田っち4649, どの部屋も広くて、ゆっくりできます。 
一人旅で安い宿を探しており「ゲストハウスわさび京都そば」を見つけました。初めてでしたのでドミトリー(相部屋)に不安を抱きながらでしたが大変居心地が良く4泊しました。大満足です！,2018-06-08,2018-06-08 02:43:27,ホステル わさび京都町家そば,2016年9月、一人での旅行,オススメ！,https://www.tripadvisor.jp/ShowUserReviews-g298564-d10662134-r417882195-Hostel_Wasabi_Kyoto_Machiya_Soba-Kyoto_Kyoto_Prefecture_Kinki.html,,ymstryuj,
以前も何度か宿泊しましたが、次回も行きたくなる宿です。ロケーションもさることながら、玄関前の階段を上がるとまた来れて良かったと思わせる何かがあります。仲居さんの気配りもうれしくなります。,2018-06-08,2018-06-08 02:43:27,祇園畑中,2018年5月、家族旅行,最高のロケーションと良質な雰囲気,https://www.tripadvisor.jp/ShowUserReviews-g298564-d1071044-r578493849-Gion_Hatanaka-Kyoto_Kyoto_Prefecture_Kinki.html,"大分市, 大分県",kmarakawa1203," 女性用の大浴場がもう少し明るいほうが良い。
広いほうの部屋にも椅子とテーブルが欲しい。
コンセントの口数が増やせないようでしたらたこ足が欲しい
以上です "
絶対再訪したいゲストハウスです。京町家のリノベーションですが、トイレやシャワーは最新設備。浴室も快適で、スタッフも親切。ゲストの多国籍な感じもまた楽しい。カフェコーナーでは日本酒飲み比べもできます。スーパーと100円ショップが目の前で連泊も便利そう。レンタサイクルで二条城見学もいいですね。,2018-06-08,2018-06-08 02:43:27,ホステル わさび京都町家そば,2017年4月、家族旅行,京町家を気軽に体験,https://www.tripadvisor.jp/ShowUserReviews-g298564-d10662134-r476263673-Hostel_Wasabi_Kyoto_Machiya_Soba-Kyoto_Kyoto_Prefecture_Kinki.html,,Kumi N,
夜、祇園で食事した後に、寄ろうかと、フラット立ち寄りました。,2018-06-08,2018-06-08 02:43:27,フォーシーズンズホテル京都,2018年5月、家族旅行,夜の訪問,https://www.tripadvisor.jp/ShowUserReviews-g298564-d10532611-r578924562-Four_Seasons_Hotel_Kyoto-Kyoto_Kyoto_Prefecture_Kinki.html,"熊本市, 熊本県",kjyan,
他の方々が書いているようにスタッフ対応に問題ありと感じました。百歩譲って、よく言えば、あくまでもビジネスライクであると思います。,2018-06-08,2018-06-08 02:43:27,フォーシーズンズホテル京都,2018年4月、家族旅行,個人的にはおすすめしませんが。,https://www.tripadvisor.jp/ShowUserReviews-g298564-d10532611-r575065717-Four_Seasons_Hotel_Kyoto-Kyoto_Kyoto_Prefecture_Kinki.html,"ホバート, オーストラリア",不明2018,
このクラスのホテルに宿泊するのは、初めてで、かつ、スウィートにグレードアップされてたので、ますますテンションがあがります。,2018-06-08,2018-06-08 02:43:27,フォーシーズンズホテル京都,2018年5月、家族旅行,贅沢でした,https://www.tripadvisor.jp/ShowUserReviews-g298564-d10532611-r578569366-Four_Seasons_Hotel_Kyoto-Kyoto_Kyoto_Prefecture_Kinki.html,"熊本市, 熊本県",まくたん,
もう最高でした！テラスで和朝食を頂きました。料理もすごく美味しくて、,2018-06-08,2018-06-08 02:43:27,フォーシーズンズホテル京都,2018年5月、家族旅行,テラスでの朝食,https://www.tripadvisor.jp/ShowUserReviews-g298564-d10532611-r581133667-Four_Seasons_Hotel_Kyoto-Kyoto_Kyoto_Prefecture_Kinki.html,"熊本市, 熊本県",m o,
着いた時は小さいのでドヒャーと思ったけど、スタッフの対応に疲れも取れて、かつ歩いていける距離に評価の高い食事処が何件もあって、満足しました。予約の取れない有名店はさておきブラブラ３０分ほど歩き回ってイタリアンを選択。ホテルに帰って一風呂浴びて翌日の準備をして寝ました！朝食のパンが美味しかった。静かで清潔で隠れ家的なホテルです。,2018-06-08,2018-06-08 02:43:28,ヴィラ三条室町 京都,2018年5月、一人での旅行,静かで小さなホテルです,https://www.tripadvisor.jp/ShowUserReviews-g298564-d10693261-r581362310-Villa_Sanjo_Muromachi_Kyoto-Kyoto_Kyoto_Prefecture_Kinki.html,"シンガポール, シンガポール",大治 川, 12室しかないですが、部屋のレイアウトなどは多少違うようだし、階層などホテルに相談してみては。 
８月上旬に友人とホテルメインで一泊させて頂きました。エントランスから和を意識したスタイリッシュモダンな作りに、ゆったりとした家具の配置、お部屋も同じく入っただけでまずはテンションが上がります。そしてなによりベッドの寝心地が最高に良く、暑い中京都を歩き回った疲れを翌日に残さずすっきりとした気持ちでホテルを後にすることができました。,2018-06-08,2018-06-08 02:43:28,ヴィラ三条室町 京都,2016年8月、友達との旅行,ゆったりと休めるホテル,https://www.tripadvisor.jp/ShowUserReviews-g298564-d10693261-r406516467-Villa_Sanjo_Muromachi_Kyoto-Kyoto_Kyoto_Prefecture_Kinki.html,,junjunn0321,
"6月に娘と２人で宿泊。 数年ぶりの京都には新しいホテルが増えていて、ロケーションも良くまだ新しい「ヴィラ三条室町」と「ソラリア西鉄ホテル京都 プレミア三条鴨川」に泊まってみました。

ヴィラ三条室町は公式サイトで、コンパクトラグジュアリーヴィラ、隠れ家的別邸、部屋には細部にまで美と居心地を追求、洗練・美しさ・静けさ・・・・との言葉が並びますが、その謳い文句通りの素敵で居心地の好い宿でした。  上質さや洗練さはシンプルに落ち着くのだと思います。

Deluxe Twin Room に2泊、サイトの写真の通り。広さは充分で4階の窓の外には裏路地の風景、窓を開けられるので空も見えて開放感がありました。 ベッドのリネン類、バスルームのタオルにアメニティー、全てがこだわりのある上質なモノでした。

そして広いお風呂場！ これにはびっくり。 楕円形の大きな湯船に石造りの広い洗い場にレインシャワー。 最近はユニットバスでない、洗面所とトイレが別・洗い場付きのお風呂、のホテルも増えてきましたが、ホテルのバスルームでこんなにのんびり入れるステキな大きなお風呂は初めてです。 入浴剤がまた上質。

地図でわかる通り観光には便利なロケーション、静かな通りにありますが1ブロック歩けばオシャレなカフェやレストラン、二条城や京都御所、河原町の繁華街に錦小路も徒歩圏内。 この近辺は通りに色々な小さなお店が点在しているので歩くのも苦ではありません。 ホテルの向かいにはコンビニ、すぐ隣には評判の美味しいベーカリー、これは軽い朝ご飯に、夜ちょっと何かドリンクとオヤツ、にとても便利でした。

高校生の娘にも、派手ではないけど上質の良さが...",2018-06-08,2018-06-08 02:43:29,ヴィラ三条室町 京都,2016年8月、友達との旅行,上質で洗練された全12室の小さな宿,https://www.tripadvisor.jp/ShowUserReviews-g298564-d10693261-r505151107-Villa_Sanjo_Muromachi_Kyoto-Kyoto_Kyoto_Prefecture_Kinki.html,"シンガポール, シンガポール",cookie-hamster, 12室しかないですが、部屋のレイアウトなどは多少違うようだし、階層などホテルに相談してみては。 
地下鉄烏丸御池駅から、二本奥の通りで、とても静かなお宿でした。,2018-06-08,2018-06-08 02:43:29,ヴィラ三条室町 京都,2017年10月、家族旅行,こじんまりしてますが、お薦めです。,https://www.tripadvisor.jp/ShowUserReviews-g298564-d10693261-r532539438-Villa_Sanjo_Muromachi_Kyoto-Kyoto_Kyoto_Prefecture_Kinki.html,"シンガポール, シンガポール",136mayumik, 12室しかないですが、部屋のレイアウトなどは多少違うようだし、階層などホテルに相談してみては。 
いつも宴会や催事で利用します。駅直結ですから、これ以上の利便性は望めないでしょう。建築前後には、古都の顔に相応しいか否かという議論がありました。二十年も経つと、そういう議論はどこかに雲散霧消してしまったような気がします。今や、「古都の顔」と言えるでしょう。,2018-06-08,2018-06-08 02:43:29,ホテルグランヴィア京都,2018年3月、家族旅行,宴会や催事にも絶好の立地,https://www.tripadvisor.jp/ShowUserReviews-g298564-d1071189-r583615713-Hotel_Granvia_Kyoto-Kyoto_Kyoto_Prefecture_Kinki.html,枚方市,釋安住, アジア圏の方が少なめなので静かです。 
ミックスドミトリーで3泊利用。,2018-06-08,2018-06-08 02:43:29,MOSAIC HOSTEL KYOTO,2017年9月、一人での旅行,清潔&リーズナブル&フレンドリー,https://www.tripadvisor.jp/ShowUserReviews-g298564-d10802066-r527168293-Mosaic_Hostel_Kyoto-Kyoto_Kyoto_Prefecture_Kinki.html,,加藤良哉,
チェックイン前でも到着直後に手続きは出来て部屋まで荷物を運び入れてくれるので、直ぐに観光へ出られるので時間ロスが少なくて嬉しいです。,2018-06-08,2018-06-08 02:43:29,ホテルグランヴィア京都,2018年5月、一人での旅行,駅に直結でとても便利です。,https://www.tripadvisor.jp/ShowUserReviews-g298564-d1071189-r579573830-Hotel_Granvia_Kyoto-Kyoto_Kyoto_Prefecture_Kinki.html,"横浜市, 神奈川県",Tamago T, アジア圏の方が少なめなので静かです。 
京都駅直結なので　観光にも買い物にも便利です,2018-06-08,2018-06-08 02:43:29,ホテルグランヴィア京都,2018年5月、一人での旅行,駅直結,https://www.tripadvisor.jp/ShowUserReviews-g298564-d1071189-r578657751-Hotel_Granvia_Kyoto-Kyoto_Kyoto_Prefecture_Kinki.html,"横浜市, 神奈川県",dorons01, 北側は京都タワーと京都市街、南側は京都駅のトレインビュー、お好み次第です。駅内観というお部屋も鉄道ファンにはちょっとおもしろい景観かも。 
いつも利用します。チエックアウトの後でも荷物を預かってくれるし、食事も美味しいです。,2018-06-08,2018-06-08 02:43:29,ホテルグランヴィア京都,2017年6月,安心,https://www.tripadvisor.jp/ShowUserReviews-g298564-d1071189-r579623301-Hotel_Granvia_Kyoto-Kyoto_Kyoto_Prefecture_Kinki.html,"横浜市, 神奈川県",Kuniko I, アジア圏の方が少なめなので静かです。 
意外と多い3人で旅行というシチュエーション。,2018-06-08,2018-06-08 02:43:29,ホテルグランヴィア京都,2018年3月、家族旅行,"「トリプルルーム」でエキストラベッド問題と
「駅ナカ」で荷物問題をいっぺんに解決！",https://www.tripadvisor.jp/ShowUserReviews-g298564-d1071189-r579801599-Hotel_Granvia_Kyoto-Kyoto_Kyoto_Prefecture_Kinki.html,"世田谷区, 東京都",mac_o1016, アジア圏の方が少なめなので静かです。 
ゴールデンウィークの初めに利用しました。,2018-06-08,2018-06-08 02:43:29,松井別館 花かんざし,2016年1月、友達との旅行,外観、設備は立派なのに、、、,https://www.tripadvisor.jp/ShowUserReviews-g298564-d608080-r370049630-Matsui_Bekkan_Hanakanzashi-Kyoto_Kyoto_Prefecture_Kinki.html,Chiba,ultraCHICHI, 特別室は、2部屋の畳部屋でとても広い間取り。家族にはゆったり過ごせます。 
2016年以前にも伺っています。スイートルームをリクエストして、リピートしました。枝垂れ桜の時期にはその眺めを独占できます。ベットの寝心地も良いです。とても気に入っています。一つ難点があるとすれば、3月から4月にかけては、スイートルームの予約が1年以上前でも取りにくいことです。それだけ人気があるということですね。,2018-06-08,2018-06-08 02:43:29,ハイアット リージェンシー 京都,2017年5月,落ち着いた良いホテルです。,https://www.tripadvisor.jp/ShowUserReviews-g298564-d601531-r575051746-Hyatt_Regency_Kyoto-Kyoto_Kyoto_Prefecture_Kinki.html,"ホバート, オーストラリア",不明2018,
四条通りにあり、一軒ホテルには見えない感じです。ネット上の指示通りに行きましたが、書いている事と場所が少し違ったようでかなり迷いました。迷ったのでホテルに電話をして従業員の方に電話で誘導してもらったのですが、お互いの認識が違っておりなぜか真逆へ行ってしまい、そこから従業員の方に来てもらう事になりました。この事が気に入らなかったのか別の従業員の方からかなり不愉快な態度をされました。ホテルに到着しても挨拶もなくムッとした表情でした。ホテルは接客業ですので、例えどんな事があっても表に出してはいけないと思います。その他は問題ありませんでした。,2018-06-08,2018-06-08 02:43:29,京都糸屋ホテル ,2018年4月,本当に残念。,https://www.tripadvisor.jp/ShowUserReviews-g298564-d4131302-r573611183-Kyoto_Itoya_Hotel-Kyoto_Kyoto_Prefecture_Kinki.html,"別府市, 大分県",bsちゃん, 洗い場のある浴室をリクエストしたら、快適です。 
駅前ではないものの何かと便利なロケーションです。部屋もこのサイズのホテルにしては十分な広さで部屋によっては洗い場のあるお風呂は湯量も多く嬉しい。天気がよければ自転車のレンタルサービスもあり何かと便利なホテルです。,2018-06-08,2018-06-08 02:43:29,京都糸屋ホテル ,2017年9月、カップルでの旅行,お気に入りのホテル,https://www.tripadvisor.jp/ShowUserReviews-g298564-d4131302-r531216705-Kyoto_Itoya_Hotel-Kyoto_Kyoto_Prefecture_Kinki.html,"東京23区, 東京都",FLYG2,
トラットリアセッテにランチに訪れました。窓際の席からは綺麗な桜が見えるとの係の方の丁寧な説明があり、桜の時期にまた来たいなと思いました。国立博物館や智積院、養源院、三十三間堂等々が近く、大変にロケーションの良い場所です。料理もボリュームがありなかなか美味しくいただきました。,2018-06-08,2018-06-08 02:43:30,ハイアット リージェンシー 京都,2017年5月,大きな桜の見えるイタリアン,https://www.tripadvisor.jp/ShowUserReviews-g298564-d601531-r576715588-Hyatt_Regency_Kyoto-Kyoto_Kyoto_Prefecture_Kinki.html,"枚方市, 大阪府",luckmasa,
古いホテルをリノベーションしている為、天井高が低い等、小さな問題はあるが、全体的に良いホテルで気に入っている。,2018-06-08,2018-06-08 02:43:30,ハイアット リージェンシー 京都,2017年5月,落ち着く良いホテル,https://www.tripadvisor.jp/ShowUserReviews-g298564-d601531-r577299189-Hyatt_Regency_Kyoto-Kyoto_Kyoto_Prefecture_Kinki.html,"東京, 東京都",jsk123,
"2月4日から3泊、ツインの部屋に宿泊しました。私が宿泊先に求めるものは、お部屋が清潔であるということですが、ここはその点本当に清潔で申し分ない旅館でした。京都駅から、徒歩12,3分というところでしょうか。周囲はとても静かで、外観は古い町家風ですが、中はとても新しく、お部屋だけでなく建物全体が綺麗で快適にすごすことができました。確かに、外国の方が多いのでしょう、フロントにも、お部屋の中に設置されている旅館の規約（？）等が書かれたファイルにも、ちゃんと英語での説明書きがあり、その中には、お部屋に置かれている浴衣の着かたの説明書きもあり、この心配りにはきっと外国の方々にとって、ここでの滞在がよい思い出となるであろうことを感じました。お・も・て・な・し、でしょうか＾＾
朝食は、別料金（800円）で和と洋があり、私は和食を選択しましたが、鮭の皮はパリッと身はふっくらで、焼き加減が絶妙で、可愛い和のお庭を見ながらとてもおいしくいただきました。朝食の予約は、前日の夜10時か11時くらいまで受け付けて頂けるので、その日の観光先での食べ具合？（笑）によって、旅館に戻ってきてからでも決められるのはありがたいです。
あと、部屋での滞在の際、周囲の物音や人の話声など、確かに聞こえはしますが、私的にはあまり気にならず、ぐっすり眠れました。また是非宿泊したいです。国内外問わず、皆さんにおすすめのお宿ですよ。
そうそう、旅館のすぐ前の通りを左にまっす進み、大きい通りに出たすぐ左手にcafeがあるんですが、マスターがとっても気さくな方で、そこの珈琲と銅板で焼くホットケーキは本当に絶品です。さくら旅館とこのcafe、私はセットでおすすめします＾...",2018-06-08,2018-06-08 02:43:30,京町家旅館さくら・本願寺,2014年12月,綺麗で居心地のよい、和テイストの旅館。,https://www.tripadvisor.jp/ShowUserReviews-g298564-d1385681-r349417823-Kyomachiya_Ryokan_Sakura_Honganji-Kyoto_Kyoto_Prefecture_Kinki.html,日本,きっこ0531,
毎年ゴールデンウイークに泊まりに行っています。夕方には舞妓さんがロビーで踊りを披露してくれます。部屋はヒノキ風呂が気に入っているので五階のデラックスルーム?かな、がお勧めです。とっても広くてゆったり浸かれます。朝食も豪華で、和食セットかバイキングからえらべます。私は和食だけでは物足りないのでいつもバイキングを選んでおります。,2018-06-08,2018-06-08 02:43:30,ハイアット リージェンシー 京都,2017年5月,本物の舞妓さんが踊りに来てくれる。,https://www.tripadvisor.jp/ShowUserReviews-g298564-d601531-r578925469-Hyatt_Regency_Kyoto-Kyoto_Kyoto_Prefecture_Kinki.html,"東京, 東京都",terupy, 五階のデラックスルーム以上でないとヒノキ風呂じゃないので注意。 
以下の理由で全く満足できない宿泊となりました。,2018-06-08,2018-06-08 02:43:30,ザ・リッツ・カールトン京都,2018年4月、家族旅行,度重なるトラブルにうんざりです。,https://www.tripadvisor.jp/ShowUserReviews-g298564-d5977426-r585672821-The_Ritz_Carlton_Kyoto-Kyoto_Kyoto_Prefecture_Kinki.html,東京都,A か, 全て良い部屋ですので心配ございません 
書院造の和室3階最上階角部屋に2泊しました。,2018-06-08,2018-06-08 02:43:30,京町家旅館さくら・本願寺,2016年9月、友達との旅行,落ち着いた宿,https://www.tripadvisor.jp/ShowUserReviews-g298564-d1385681-r421146837-Kyomachiya_Ryokan_Sakura_Honganji-Kyoto_Kyoto_Prefecture_Kinki.html,京都市,愛の歌子,
私の実家は京都市内で築後約１５０年、５つ釜戸と神棚を供えた「おくどさん」、釣べ式の井戸、土蔵、土塀・・・そこで数十年間生活しているととても「特別に」外泊するのに町家形式等と云うところには泊る気もしない・・・。事情があり仕方なく・・・やはり、予想通りで大したことはなかった。殆どが外人さん（欧米系中心）だったので、個々に聞いてみると・・・何と！！評判いいのですねぇ・・これで彼等は日本の、それも古都の文化に触れた気にでもなるのでしょうかね？非日常を旅行に求めるのは万国共通と思われるので、ここはかつての「日常」生活に他ならない・・。外国からの友人にはお勧め出来るが私個人的には二度目の宿泊はない。旅館自体も外人さんしかあてにしてないでしょうから・・・。,2018-06-08,2018-06-08 02:43:30,京町家旅館さくら・本願寺,2014年12月,外人さん専用みたいなものでした・・・京都や奈良の人なら泊らない？（多分）・・・,https://www.tripadvisor.jp/ShowUserReviews-g298564-d1385681-r353747842-Kyomachiya_Ryokan_Sakura_Honganji-Kyoto_Kyoto_Prefecture_Kinki.html,京都市,お遍路さん京都市,
ホテルは宿泊するだけではありません。ラグジュアリーな空間は、その場にいるだけでも心が豊かになります。アフタヌーンティーを楽しみながら過ごす時間は、本当に幸せな気持ちにさせてくれます。そんなアフタヌーンティーにスパがセットで付いているプランがあるなんて夢のようです。「ESPA」スパトリートメントと「ピエール・エルメ・パリ」のスイーツの両方が楽しめるので、もういう事なし！！至福のひとときをぜひ！,2018-06-08,2018-06-08 02:43:30,ザ・リッツ・カールトン京都,2018年4月、家族旅行,アフタヌーンティーとスパのセットは最高,https://www.tripadvisor.jp/ShowUserReviews-g298564-d5977426-r577528278-The_Ritz_Carlton_Kyoto-Kyoto_Kyoto_Prefecture_Kinki.html,"東京23区, 東京都",jun1016taka,
ザ・リッツ・カールトン京都　ラ・ロカンダで食事をしてきました。,2018-06-08,2018-06-08 02:43:30,ザ・リッツ・カールトン京都,2018年4月、家族旅行,食事、楽しみました,https://www.tripadvisor.jp/ShowUserReviews-g298564-d5977426-r578906403-The_Ritz_Carlton_Kyoto-Kyoto_Kyoto_Prefecture_Kinki.html,"東京23区, 東京都",kjyan,
沖縄に続いて二度目のリッツです。誕生日を事前にお伝えしたところ、スタッフ様のお祝いの寄せ書きを頂きました。そのほか心のこもったサービスはさすがだなと思いました。やはりリッツは素敵です。,2018-06-08,2018-06-08 02:43:30,ザ・リッツ・カールトン京都,2018年4月、家族旅行,お誕生日の記念で宿泊です,https://www.tripadvisor.jp/ShowUserReviews-g298564-d5977426-r581329455-The_Ritz_Carlton_Kyoto-Kyoto_Kyoto_Prefecture_Kinki.html,"東京23区, 東京都",tony娘, 全て良い部屋ですので心配ございません 
"年末に子連れで2泊しました。チェックイン時のやりとりをしている間、退屈して走り出してしまった子供に別のスタッフの方が付きっ切りで相手をしてくれました。さらにその時子供と交わした会話をスタッフさんは覚えていて下さり、翌日子供の好きなモチーフの折り紙を作ってメッセージカードとともにプレゼントしてくれました。ハイシーズンで忙しい中でもそれぞれのゲストに合わせたきめ細かいサービスを提供できるスタッフの布陣こそ、ラグジュアリーホテルの本来あるべき姿だと感動しました。

一方で、客室の広さは少し物足りませんでした。大規模開発が難しい都市なので仕方ないですね。季節にも寄りますが、世界でもトップクラスにホテル代が高いニューヨークやサンフランシスコでも、同じリッツ・カールトンの同じ価格帯でもう少し広い部屋に泊まれると思います。そして眺めはあまりよくありません。世界には鴨川よりも遥かに美しい眺望を備えるホテルはいくらでもあります。敷地や建設条件面での制約が大きいためか、エントランスやレセプションも非常にこじんまりとしており、あまり感動はありません。どんなに美しい趣の景色が見えるんだろうと楽しみにしてやってくる目の肥えた海外の観光客はガッカリするかも知れませんね。

つまりハード面では苦戦を強いられるであろうホテルなのですが、内装を含む設備やデザイン、そしてスタッフのホスピタリティなどが弱点を補って余りあり、総じて素晴らしい滞在となりました。

広い視野で見れば、京都はローマやイスタンブールのような都市と観光需要を奪い合う立ち位置にいます。日本の中では歴史や伝統において一番の都市かも知れませんが、ローマから見れば京都もまだまだ...",2018-06-08,2018-06-08 02:43:30,ザ・リッツ・カールトン京都,2018年4月、家族旅行,日本のおもてなしと世界標準のホスピタリティが高い次元で融合,https://www.tripadvisor.jp/ShowUserReviews-g298564-d5977426-r583360169-The_Ritz_Carlton_Kyoto-Kyoto_Kyoto_Prefecture_Kinki.html,東京都,DaveSato61, 全て良い部屋ですので心配ございません 
場所は少々不便なところですが、町家風造りの建物に外国人ばかりの宿泊者と、ある意味異国情緒を味わえます。仏具通りに面しているので、普段感じることのない京都を経験するには良い宿です。部屋は和室で、中庭に面した静かな部屋。壁が薄いのもご愛嬌です。,2018-06-08,2018-06-08 02:43:30,京町家旅館さくら・本願寺,2016年8月、出張としての旅行,当日駆け込みで,https://www.tripadvisor.jp/ShowUserReviews-g298564-d1385681-r449011732-Kyomachiya_Ryokan_Sakura_Honganji-Kyoto_Kyoto_Prefecture_Kinki.html,京都市,Koi-Shin,
ハッピーアワーのスパークリングの振る舞いや舞子さんの踊り、朝早い時間にコーヒーやパンの無料提供など、来るたびに痒いところに手が届く素敵な気配りと対応をしてくれています。いつも快適にです,2018-06-08,2018-06-08 02:43:31,ハイアット リージェンシー 京都,2017年5月,いつ来ても丁寧な対応で、スタッフの気配りも最高です,https://www.tripadvisor.jp/ShowUserReviews-g298564-d601531-r582086781-Hyatt_Regency_Kyoto-Kyoto_Kyoto_Prefecture_Kinki.html,"ニュートン, マサチューセッツ州",Newtonhighland, 五階のデラックスルーム以上でないとヒノキ風呂じゃないので注意。 
先週泊まりました。京都には様々な理由でほとんど毎月出向いているため、同クラスの京都のホテルは概ね利用したことがあります。さて、他のホテルと比べて一人一人の立ち振る舞いがしっかりしています。お恥ずかしいことですが私が部屋のゴミ箱に新幹線の切符を不要になった物と紛れこませて捨ててしまいました。切符はすぐに見つけていただいたのですが、その所作がすばらしかったです。渡してくれた女性の方がさりげなく邪魔にならないところへ移動し、綺麗な姿勢でちょうど良い声加減でいってらっしゃいと言ってくれました。いつもそこに立つ様な場所ではなかったので、そういった心構えが常にできていることが伝わりました。別件ですが、切符を待つ間に若い女性の方が長時間外国人にいろいろ聞かれてましたが結構英語が使えている様子、臆せず話していて立派でした。,2018-06-08,2018-06-08 02:43:31,三井ガーデンホテル京都三条,2017年12月、家族旅行,所作がしっかりしている,https://www.tripadvisor.jp/ShowUserReviews-g298564-d659109-r549005512-Mitsui_Garden_Hotel_Kyoto_Sanjo-Kyoto_Kyoto_Prefecture_Kinki.html,神奈川県横浜市,agunyupsu,
ネット情報では駅から8分程度だったと思うが、実際には15分はかかった。,2018-06-08,2018-06-08 02:43:31,京町家旅館さくら・本願寺,2017年2月、カップルでの旅行,駅からの距離が難点,https://www.tripadvisor.jp/ShowUserReviews-g298564-d1385681-r458836723-Kyomachiya_Ryokan_Sakura_Honganji-Kyoto_Kyoto_Prefecture_Kinki.html,"東京23区, 東京都",（株）よしあき,
前回は慇懃無礼さが鼻についたが、今回はごく普通の対応で、マシな接客であった。これなら再訪もありうるかな。,2018-06-08,2018-06-08 02:43:31,三井ガーデンホテル京都三条,2017年12月,前よりはマシな接客,https://www.tripadvisor.jp/ShowUserReviews-g298564-d659109-r552442598-Mitsui_Garden_Hotel_Kyoto_Sanjo-Kyoto_Kyoto_Prefecture_Kinki.html,"札幌市, 北海道",northern_scene,
2泊しました。,2018-06-08,2018-06-08 02:43:31,三井ガーデンホテル京都三条,2017年12月,丁寧な接客サービス,https://www.tripadvisor.jp/ShowUserReviews-g298564-d659109-r560986955-Mitsui_Garden_Hotel_Kyoto_Sanjo-Kyoto_Kyoto_Prefecture_Kinki.html,東京都,SnowPoppy,
"7月のオープンから3日目に1泊しました。新宿や渋谷の既存の系列ホテルも気になってチェックしていたものの関東在住でなかなか利用する機会がなく、今回京都で泊るのを楽しみにしていたのですが…オープン直後ということで多少のバタバタは覚悟していたのですが、それを差し引いてもオペレーションが悪すぎました。
チェックイン開始の15時にホテル到着、フロントが混雑していた為ロビーの椅子を案内され10分弱待った後カウンターへ呼ばれチェックイン。前払制とのことで支払いをした後キーを貰う段になり、手違いがあったのか「お部屋を確認しております」と更に10分程立ったまま待たされる。後の予定に間に合わないため、その後は連れに任せて私はひとまず外出しましたが、連れ曰くその後も理由の説明もないまま延々ロビーで待たされ結局お部屋へ案内されたのは16時とのこと。その間も後から来たゲストは普通に案内されていき、どうなっているのか何度聞いても「確認致します」の繰り返し、同じスタッフから複数回「チェックインですか？」と聞かれる等散々な状態だったそうで、私が外出から戻り部屋へ入った時には連れの不機嫌度はMax。更にその後にもお掃除の方らしきスタッフにノックなしでドアを開けられたり、備え付けのはずの部屋用スリッパもセットされていなかったり…。
チェックアウト時にフロントの方からチェックインの不手際についてのお詫びの言葉はありましたが、ドアを開けられたことや備品のことについては伝達もされていないようでした。そのことをこちらから伝えても特に責任者の方が出てきてきちんとお詫びしてくれる訳でもなく。また最初にキーを返した後にも「○○様ですね？」と全く違う名前を言われた...",2018-06-08,2018-06-08 02:43:31,京都グランベルホテル,,もう改善されているかもしれませんが,https://www.tripadvisor.jp/ShowUserReviews-g298564-d12618290-r527703075-Kyoto_Granbell_Hotel-Kyoto_Kyoto_Prefecture_Kinki.html,"東京23区, 東京都",Azur-K08,
"5月の連休に家族3人でトリプルルームを予約し2泊しました。2泊90,000万越えでした。典型的な連休値段！！",2018-06-08,2018-06-08 02:43:31,三井ガーデンホテル京都三条,2018年4月,コスパが悪すぎ,https://www.tripadvisor.jp/ShowUserReviews-g298564-d659109-r578153727-Mitsui_Garden_Hotel_Kyoto_Sanjo-Kyoto_Kyoto_Prefecture_Kinki.html,東京都,idlejiji,
狭い部屋なのに、料金だけしっかり高くてがっかりしました。朝食も美味しいとのコメントがあったので期待しましたが、普通です。プラス１万ほどで、もっとステキなホテルに泊まれた思うもとってもガッカリ。お風呂もカビがはえていて、もっと綺麗に掃除してほしいです。もう利用しません。,2018-06-08,2018-06-08 02:43:31,三井ガーデンホテル京都三条,2018年3月、家族旅行,ビジネスホテルタイプなのに高い,https://www.tripadvisor.jp/ShowUserReviews-g298564-d659109-r572777682-Mitsui_Garden_Hotel_Kyoto_Sanjo-Kyoto_Kyoto_Prefecture_Kinki.html,東京都,ひろなくしょん,
国立大学の二次試験受験の際、利用させていただきました。,2018-06-08,2018-06-08 02:43:31,京都ホテルオークラ,2018年4月、友達との旅行,大学受験のため宿泊しました。,https://www.tripadvisor.jp/ShowUserReviews-g298564-d321379-r574917952-Kyoto_Hotel_Okura-Kyoto_Kyoto_Prefecture_Kinki.html,"我孫子市, 千葉県",Kazuko N, アップグレードでお願いする 
ロケーションが良く、車を駐車場に置いて、地下鉄の市役所前から電車で市内を巡るのにも最適です。部屋は清潔ですし、食事もわざわざ外に出なくとも美味しく、とても満足です。家族も気に入っており、京都では、ここ一択です。,2018-06-08,2018-06-08 02:43:31,京都ホテルオークラ,2018年4月、友達との旅行,京都市内での宿泊はこのホテル,https://www.tripadvisor.jp/ShowUserReviews-g298564-d321379-r576953698-Kyoto_Hotel_Okura-Kyoto_Kyoto_Prefecture_Kinki.html,"我孫子市, 千葉県",宗助 吉, アップグレードでお願いする 
二泊三日の記念旅行で利用しました。車は駐車場に置いて(広くて安心)。祇園で食事の帰り高瀬川沿いをぶらぶら散歩で戻ったり、ホテル直結の地下鉄、嵐電を乗り継ぎ嵯峨野・嵐山でぶらぶら、と大いに楽しみました。なにしろ何処へ行くにも便利ですし、おまけに部屋のグレードアップまでして頂き最高の記念となりました。,2018-06-08,2018-06-08 02:43:31,京都ホテルオークラ,2018年4月、友達との旅行,全てにおいて最高の立地です。,https://www.tripadvisor.jp/ShowUserReviews-g298564-d321379-r579157545-Kyoto_Hotel_Okura-Kyoto_Kyoto_Prefecture_Kinki.html,"鯖江市, 福井県",キハチ, アップグレードでお願いする 
いつもお世話になっています。立地の良さはもちろん、働いている方々のサービスの質はとても高いです。荷物の配送を頼むのですが、混み合っている時間帯でも10分以上待たされたことはありません。東山側の部屋から、山々の緑を見ると本当にゆっくりできます。駅前にある宿泊者専用のウェルカムラウンジもとても綺麗でゆったりできます。,2018-06-08,2018-06-08 02:43:31,京都ホテルオークラ,2018年4月、友達との旅行,京都に泊まる時は,https://www.tripadvisor.jp/ShowUserReviews-g298564-d321379-r581887964-Kyoto_Hotel_Okura-Kyoto_Kyoto_Prefecture_Kinki.html,"豊橋市, 愛知県",アーティ,
心あたたまるスタッフのおもてなしに、素敵な時間を過ごすことができました。また京都を訪れた際には利用したいと思います。,2018-06-08,2018-06-08 02:43:31,京都ホテルオークラ,2018年4月、友達との旅行,素晴らしい,https://www.tripadvisor.jp/ShowUserReviews-g298564-d321379-r582526717-Kyoto_Hotel_Okura-Kyoto_Kyoto_Prefecture_Kinki.html,"豊橋市, 愛知県",M C,
京都のお寺などを歩き疲れた体に、温泉の元を持参して、ゆっくりお風呂にはいれて、とても良かったです。,2018-06-08,2018-06-08 02:43:32,京都糸屋ホテル ,2017年9月、カップルでの旅行,洗い場のあるお風呂がお薦めです。,https://www.tripadvisor.jp/ShowUserReviews-g298564-d4131302-r544160557-Kyoto_Itoya_Hotel-Kyoto_Kyoto_Prefecture_Kinki.html,"東京23区, 東京都",noel1201, 洗い場のある浴室をリクエストしたら、快適です。 
出張の際に一泊。近くにはコンビニ多数。,2018-06-08,2018-06-08 02:43:32,京都糸屋ホテル ,2017年12月、一人での旅行,オシャレで機能的,https://www.tripadvisor.jp/ShowUserReviews-g298564-d4131302-r548521562-Kyoto_Itoya_Hotel-Kyoto_Kyoto_Prefecture_Kinki.html,"横浜市, 神奈川県",urbanparker, 洗い場のある浴室をリクエストしたら、快適です。 
比較的便利な立地ですが、まだ新しくきれいで、リーズナブルに泊まれます。近くに飲食店も多いので、友人同士や一人の宿泊におすすめです。,2018-06-08,2018-06-08 02:43:32,京都糸屋ホテル ,2017年12月、一人での旅行,便利でリーズナブル,https://www.tripadvisor.jp/ShowUserReviews-g298564-d4131302-r572996043-Kyoto_Itoya_Hotel-Kyoto_Kyoto_Prefecture_Kinki.html,"横浜市, 神奈川県",cherrycolyco, 洗い場のある浴室をリクエストしたら、快適です。 
松井旅館の別館のはなかんざしを利用しました。,2018-06-08,2018-06-08 02:43:32,松井別館 花かんざし,2016年9月、出張としての旅行,宴会で,https://www.tripadvisor.jp/ShowUserReviews-g298564-d608080-r446805850-Matsui_Bekkan_Hanakanzashi-Kyoto_Kyoto_Prefecture_Kinki.html,"京都市, 京都府",ichirotjmr, 特別室は、2部屋の畳部屋でとても広い間取り。家族にはゆったり過ごせます。 
京都市中心にありながら、その静かな佇（たたず）まいは、まるで異空間にいるようだ。,2018-06-08,2018-06-08 02:43:32,三井ガーデンホテル 京都新町 別邸,2017年10月、カップルでの旅行,京都で極上の癒しを,https://www.tripadvisor.jp/ShowUserReviews-g298564-d5779280-r562846031-Mitsui_Garden_Hotel_Kyoto_Shinmachi_Bettei-Kyoto_Kyoto_Prefecture_Kinki.html,"福岡市, 福岡県",勢良英幸,
こちらにお世話になったのは２回目ですが、いつもおもてなしと心遣いに感謝しています。お料理も食べきれないくらいの種類を量を少しずつ出していただけるので、大変満足しています。お部屋の調度品も日本人であることを思い出させてくれます。また、利用させていただきたいです。,2018-06-08,2018-06-08 02:43:32,松井別館 花かんざし,2016年5月、出張としての旅行,ありがとうございます,https://www.tripadvisor.jp/ShowUserReviews-g298564-d608080-r377460281-Matsui_Bekkan_Hanakanzashi-Kyoto_Kyoto_Prefecture_Kinki.html,"町田市, 東京都",ダブルベリー, 特別室は、2部屋の畳部屋でとても広い間取り。家族にはゆったり過ごせます。 
春休みに友人達と宿泊しました。,2018-06-08,2018-06-08 02:43:32,松井別館 花かんざし,2016年9月、出張としての旅行,滞在はよかったが…,https://www.tripadvisor.jp/ShowUserReviews-g298564-d608080-r482471777-Matsui_Bekkan_Hanakanzashi-Kyoto_Kyoto_Prefecture_Kinki.html,日本,hjuik88, 特別室は、2部屋の畳部屋でとても広い間取り。家族にはゆったり過ごせます。 
急な雨で２時間くらい近場の散策を、傘の貸し出しないかたづねたら無いと確認,2018-06-08,2018-06-08 02:43:32,三井ガーデンホテル 京都新町 別邸,2017年10月、カップルでの旅行,シンプルで清潔感あるがフロントの対応は良くない,https://www.tripadvisor.jp/ShowUserReviews-g298564-d5779280-r565181392-Mitsui_Garden_Hotel_Kyoto_Shinmachi_Bettei-Kyoto_Kyoto_Prefecture_Kinki.html,"東京23区, 東京都",sugitennis, 利用しないほうが無難 
"京都観光夫婦旅行に利用。クチコミ、立地、価格、指向を考えて選びました。
グレードは朝食付き5Fスーペリアツイン禁煙。1泊2名。4月上旬ハイシーズン平日の1部屋5万円弱を選択。
スタッフのホスピタリティは高く概ね快適に過せました。機会があれば再び宿泊してみたいと思います。
　
■感心したこと
・浴場のセキュリティにきめこまかい対策がされていること
・1F喫煙ルーム内の臭いが少ないこと
・浴場利用時に館内をパジャマで移動できること
・環境保全に積極的な姿勢
■イメージどおりだったこと
・浴場の浴槽が人工炭酸泉でリラックスできたこと
・フロントスタッフは良い感じ
・レストランの朝食はふつうに美味しい
・館内がきれい
■意外だったこと
・レストランの朝食に納豆が用意されていたことはうれしい
・ホテルからのタクシー利用では迎車代金が加算されること
■イメージと違ったところ
・ナイトウェアはわりと着心地が良いこと
・館内用スリッパが履きにくいところ
・レストラン朝食白みそ仕立てのみそ汁は、糖質の甘さがあるんです
・レストラン朝食コーヒーカップのデザインがおしゃれ
　
宿泊日の京都市内はサクラ開花時期の後半。市内見物を終えて22：00頃チェックイン。フロントはひっそりと静かでした。さっそく利用した浴場で疲れた身体はリフレッシュできました。翌朝は、開店前のレストラン入口に並び、待つことも無く着席できました。レストラン席も7割ほどでした。市内見物のため朝食後直ちにチェックアウト。手続きも普通です。滞在時間は12時間未満でしたが概ね快適に過せました。浴場付きの使いやすいシティホテルという印象...",2018-06-08,2018-06-08 02:43:32,三井ガーデンホテル 京都新町 別邸,2017年10月、カップルでの旅行,町屋景観や環境保全に配慮する宿,https://www.tripadvisor.jp/ShowUserReviews-g298564-d5779280-r572122568-Mitsui_Garden_Hotel_Kyoto_Shinmachi_Bettei-Kyoto_Kyoto_Prefecture_Kinki.html,群馬県館林市,扉雪月花光運龍, 利用しないほうが無難 
お正月を京都で過ごしたくて、両親ともども宿泊させていただきました。,2018-06-08,2018-06-08 02:43:32,松井別館 花かんざし,2017年12月、家族旅行,大晦日の宿泊,https://www.tripadvisor.jp/ShowUserReviews-g298564-d608080-r552115201-Matsui_Bekkan_Hanakanzashi-Kyoto_Kyoto_Prefecture_Kinki.html,日本,南新二, 特別室は、2部屋の畳部屋でとても広い間取り。家族にはゆったり過ごせます。 
このホテルに滞在したことがるお友達に聞いて、私も是非一度行って見たいと思い、予約を取りました。,2018-06-08,2018-06-08 02:43:32,三井ガーデンホテル 京都新町 別邸,2018年3月、友達との旅行,朝ごはんに感動！大浴場もとっても綺麗！！,https://www.tripadvisor.jp/ShowUserReviews-g298564-d5779280-r573188106-Mitsui_Garden_Hotel_Kyoto_Shinmachi_Bettei-Kyoto_Kyoto_Prefecture_Kinki.html,"目黒区, 東京都",ki_ko_insta, 利用しないほうが無難 
エクスペディアの部屋指定不可のお安いプランで一泊。 ,2018-06-08,2018-06-08 02:43:32,三井ガーデンホテル 京都新町 別邸,2018年5月、カップルでの旅行,窓が開かないのは最初に言ってよ！,https://www.tripadvisor.jp/ShowUserReviews-g298564-d5779280-r580130570-Mitsui_Garden_Hotel_Kyoto_Shinmachi_Bettei-Kyoto_Kyoto_Prefecture_Kinki.html,"目黒区, 東京都",HTHKHH, 利用しないほうが無難 
